incident_id,date,date_precision,country,city,operator,manufacturer,vehicle,automation,crash_with,injury_severity,fatalities,injuries,narrative,source_class,verification,sources
eu-nl-rivium-2005-12-06-parkshuttle,2005-12-06,day,Netherlands,Capelle aan den IJssel / Rotterdam,Connexxion,2getthere,ParkShuttle,Unmanned automated people mover on dedicated guideway,Another ParkShuttle vehicle,No injuries reported,0,0,Two unmanned ParkShuttle vehicles collided head-on near a bridge after a communications problem and a supervisory release error allowed both vehicles into the same single-lane section. Connexxion's investigation said the obstacle-detection system reacted but the stopping distance was insufficient for two vehicles approaching one another. No passengers were aboard.,Contemporary media + operator investigation,Multiple-source match,"[""https://tweakers.net/nieuws/40212/computergestuurde-bussen-aan-de-ketting-na-botsing.html"",""https://tweakers.net/nieuws/40306/connexxion-handelingsfout-oorzaak-botsing-parkshuttles.html""]"
europe-ch-sion-2016-09-21-navya-van,2016-09-21,day,Switzerland,Sion,PostBus Switzerland,Navya,Autonomous shuttle,Driverless shuttle pilot with trained attendant onboard,Open rear door of parked delivery van,No injuries reported,0,0,"A PostBus autonomous shuttle carrying three passengers struck the open rear door of a parked delivery van in Sion. Both vehicles sustained light damage and nobody was injured. PostBus temporarily suspended the trial while the project team and manufacturer analyzed the cause, then later resumed and expanded the service.",Media + operator statement,Multiple-source match,"[""https://www.thelocal.ch/20160923/swiss-driverless-bus-trial-suspended-after-crash"",""https://www.postauto.ch/en/about-us-and-news/media/press-releases/2017/self-driving-shuttles-soon-to-link-old-town-with-sion-train-station""]"
eu-de-bad-birnbach-2017-2018-easymile-car,2018,within first operating year ending Oct 2018,Germany,Bad Birnbach,DB Regio Bus / Regionalbus Ostbayern,EasyMile,EZ10,Automated shuttle with onboard safety operator,Passenger car pulling out / parking maneuver,Property damage only,0,0,Research evaluating the Bad Birnbach automated-shuttle deployment records one real-world crash during the first operating year: a car pulling out struck the front of the shuttle. The authors state the shuttle was not at fault and note that the collision was difficult to avoid once the other vehicle entered its path. Contemporary summaries describe only sheet-metal/property damage.,Academic evaluation + project history,Confirmed event; exact day not public in sources reviewed,"[""https://link.springer.com/chapter/10.1007/978-3-662-59406-3_5"",""https://de.wikipedia.org/wiki/Autonomer_Bus_(Bad_Birnbach)""]"
eu-at-vienna-2019-07-18-navya-pedestrian,2019-07-18,day,Austria,Vienna,Wiener Linien,Navya,Autonom Shuttle,Automated shuttle pilot with onboard attendant,Pedestrian,Minor scratches reported,0,1,"A Navya shuttle in Vienna's Seestadt pilot was involved in a low-speed collision with a pedestrian. Wiener Linien said witnesses reported that the pedestrian, wearing headphones and looking at a phone, moved into the side of the bus. She sustained minor scratches. Operations were suspended while vehicle data were reviewed and later resumed.",Media + operator account,Multiple-source match,"[""https://www.theregister.com/software/2019/07/19/literally_braking_news_two_people_hurt_as_not_one_but_two_selfdriving_spaceage_buses_go_awry/1342013"",""https://www.toronto.ca/wp-content/uploads/2019/10/9014-TS_CAVCOE_City_Tor_AV_Trials_final_rpt.pdf""]"
eu-ee-tallinn-2020-ulemiste-auve-car,2020,during 18 Jun–Sep 2020 pilot,Estonia,Tallinn,FABULOS / Ülemiste City pilot,Auve Tech,ISEAUTO autonomous shuttle,Automated shuttle in mixed traffic; onboard/remote supervision,Passenger car,Not reported,,,"During the 2020 Ülemiste City autonomous-shuttle pilot, an Auve Tech bus collided with a passenger car. A later academic review of Baltic autonomous-bus pilots records the collision and states that the passenger-car driver was at fault. Auve Tech personnel separately described an early Tallinn collision in which a human driver failed to give way and accepted responsibility.",Academic review + manufacturer interview,Multiple-source match; exact day not public,"[""https://www.mdpi.com/2413-8851/10/3/172"",""https://www.abc.net.au/listen/programs/scienceshow/strange-frontiers-04-autonomous-minibus-ready-for-passengers/101988978""]"
eu-fi-helsinki-2021-11-08-auve-parked-car,2021-11-08,day,Finland,Helsinki,Roboride / Helsinki pilot,Auve Tech,Autonomous hydrogen shuttle,Manual takeover by safety operator during automated-shuttle service,Parked passenger car,No injuries reported,0,0,"An Auve Tech shuttle in Helsinki's Vuosaari district scratched a parked car while passing a garbage truck. Auve Tech said the safety operator had taken manual control and described the collision as human error. Nobody was injured. The record is retained because it occurred during an automated-shuttle deployment, but the vehicle was under manual control at impact.",Media + manufacturer statement,Exact event confirmed,"[""https://news.err.ee/1608396146/autonomous-bus-created-in-estonia-involved-in-minor-collision-in-finland"",""https://www.baltictimes.com/autonomous_bus_created_in_estonia_involved_in_minor_collision_in_finland/""]"
eu-de-berlin-2021-12-07-bvg-car,2021-12-07,day,Germany,Berlin,BVG / Shuttles & Co,EasyMile,Automated shuttle,Automated shuttle; turning maneuver initiated by onboard operator,Passenger car,Property damage only,0,0,"A BVG automated minibus collided with a car while turning at its Tegel terminus. Berlin police said nobody was injured and treated the event as property damage. Police attributed responsibility to the onboard operator, who initiated the turning maneuver while another vehicle was passing; BVG said it would review vehicle data.",Media + police/BVG statements,Exact event confirmed,"[""https://www.tagesspiegel.de/berlin/autonomer-bvg-bus-stosst-mit-auto-zusammen-4295278.html""]"
eu-at-koppl-2023-evan-accident,2023,shortly after EVAN deployment beginning Aug 2023,Austria,Koppl (Salzburg),Salzburg Research / SHOW,DigiTrans,eVAN / Digibus 2.0,Highly automated research shuttle with onboard safety driver,Not publicly specified in sources reviewed,Not publicly specified,,,"The EU-funded SHOW project's final business-model report states that the DigiTrans EVAN was involved in an accident shortly after deployment in Salzburg, after which the project reverted to the HEAT shuttle for the remaining period. The public project material reviewed does not specify the exact crash date, counterpart, injury outcome, or automation state at impact, so those fields remain unknown.",EU project report,Official project confirmation; crash details incomplete,"[""https://show-project.eu/wp-content/uploads/2024/11/D2.4-Final-validated-business-operating-models.pdf"",""https://www.digibus.at/en/""]"
eu-se-gothenburg-2026-05-25-karsan-tram,2026-05-25,day,Sweden,Gothenburg,Västtrafik,Karsan / ADASTEC,Autonomous e-ATAK,Automated bus service with safety driver onboard,Tram,No injuries reported,0,0,"On the first day carrying passengers, an autonomous e-ATAK bus braked and was struck from behind by a tram in Gothenburg. Västtrafik reported no injuries. Karsan said preliminary technical evaluation indicated that the automated-driving system functioned as designed and that the tram approached from behind.",Media + operator/manufacturer statements,Multiple-source match,"[""https://www.electrive.com/2026/05/27/autonomous-e-bus-by-karsan-collides-with-tram-in-gothenburg/"",""https://www.aa.com.tr/en/turkiye/turkish-ev-manufacturer-says-reports-on-sweden-autonomous-bus-incident-created-misleading-perception-/3949045""]"
europe-uk-london-2026-09-03-wayve-tesla,2026-09-03,day,United Kingdom,London,Uber / Wayve,Ford / Wayve,Mustang Mach-E with Wayve AI Driver,Supervised autonomous service; public reporting does not establish whether the Wayve AI Driver or the onboard safety driver was controlling the vehicle at impact,Tesla Model Y,No injuries publicly reported,0,,A Wayve-equipped Ford Mustang Mach-E operating as part of Uber and Wayve's newly launched supervised autonomous ride service was reported in a collision with a Tesla Model Y near Tower Bridge on the day the service launched. Public reporting does not establish fault and does not confirm whether the Wayve AI Driver was engaged or whether the onboard safety driver had taken control at the moment of impact.,Media report + operator launch documentation,Single crash report corroborated by service/vehicle documentation; automation state unconfirmed,"[""https://dmnews.co.uk/uber-wayve-robotaxi-seen-in-crash-near-tower-bridge-hours-after-london-launch/"",""https://wayve.ai/press/wayve-uber-launch-autonomous-rides/"",""https://www.uber.com/gb/en/newsroom/wayve-on-uber/""]"
