country,verified_incidents,status
Albania,0,No verified incidents currently in tracker
Andorra,0,No verified incidents currently in tracker
Armenia,0,No verified incidents currently in tracker
Austria,2,Verified incident(s) in tracker
Azerbaijan,0,No verified incidents currently in tracker
Belarus,0,No verified incidents currently in tracker
Belgium,0,No verified incidents currently in tracker
Bosnia and Herzegovina,0,No verified incidents currently in tracker
Bulgaria,0,No verified incidents currently in tracker
Croatia,0,No verified incidents currently in tracker
Cyprus,0,No verified incidents currently in tracker
Czechia,0,No verified incidents currently in tracker
Denmark,0,No verified incidents currently in tracker
Estonia,1,Verified incident(s) in tracker
Finland,1,Verified incident(s) in tracker
France,0,No verified incidents currently in tracker
Georgia,0,No verified incidents currently in tracker
Germany,2,Verified incident(s) in tracker
Greece,0,No verified incidents currently in tracker
Hungary,0,No verified incidents currently in tracker
Iceland,0,No verified incidents currently in tracker
Ireland,0,No verified incidents currently in tracker
Italy,0,No verified incidents currently in tracker
Kazakhstan,0,No verified incidents currently in tracker
Kosovo,0,No verified incidents currently in tracker
Latvia,0,No verified incidents currently in tracker
Liechtenstein,0,No verified incidents currently in tracker
Lithuania,0,No verified incidents currently in tracker
Luxembourg,0,No verified incidents currently in tracker
Malta,0,No verified incidents currently in tracker
Moldova,0,No verified incidents currently in tracker
Monaco,0,No verified incidents currently in tracker
Montenegro,0,No verified incidents currently in tracker
Netherlands,1,Verified incident(s) in tracker
North Macedonia,0,No verified incidents currently in tracker
Norway,0,No verified incidents currently in tracker
Poland,0,No verified incidents currently in tracker
Portugal,0,No verified incidents currently in tracker
Romania,0,No verified incidents currently in tracker
Russia,0,No verified incidents currently in tracker
San Marino,0,No verified incidents currently in tracker
Serbia,0,No verified incidents currently in tracker
Slovakia,0,No verified incidents currently in tracker
Slovenia,0,No verified incidents currently in tracker
Spain,0,No verified incidents currently in tracker
Sweden,1,Verified incident(s) in tracker
Switzerland,1,Verified incident(s) in tracker
Turkey,0,No verified incidents currently in tracker
Ukraine,0,No verified incidents currently in tracker
United Kingdom,1,Verified incident(s) in tracker
Vatican City,0,No verified incidents currently in tracker
