bill_id,stage,date
al-sb-222-2026rs,committee,2026-02-24
al-sb-222-2026rs,passed_legislature,2026-02-24
ca-ab-2193-20252026,committee,2026-05-13
ca-ab-33-20252026,committee,2025-08-29
ca-ab-33-20252026,passed_legislature,2025-05-29
ca-sb-1246-20252026,introduced,2026-02-19
ca-sb-1246-20252026,committee,2026-08-31
ca-sb-1246-20252026,passed_legislature,2026-08-30
ca-sb-480-20252026,introduced,2025-02-19
ca-sb-480-20252026,committee,2025-09-03
ca-sb-480-20252026,passed_legislature,2025-08-28
ca-sb-480-20252026,executive,2025-10-06
ca-sb-480-20252026,law,2025-10-06
ca-sb-572-20252026,introduced,2025-02-20
ca-sb-572-20252026,committee,2025-07-15
ca-sb-572-20252026,passed_legislature,2025-05-28
co-hb-1071-2026a,introduced,2026-02-26
co-hb-1071-2026a,committee,2026-03-19
co-hb-1071-2026a,passed_legislature,2026-02-23
co-hb-1286-2026a,introduced,2026-05-11
co-hb-1286-2026a,committee,2026-05-11
co-hb-1286-2026a,passed_legislature,2026-05-21
co-hb-1286-2026a,executive,2026-05-28
co-sb-152-2026a,introduced,2026-05-05
co-sb-152-2026a,committee,2026-05-08
co-sb-152-2026a,passed_legislature,2026-05-26
co-sb-152-2026a,executive,2026-06-02
de-sb-46-153,introduced,2025-03-25
de-sb-46-153,committee,2025-05-14
de-sb-46-153,passed_legislature,2025-03-20
fl-hb-1233-2026,committee,2026-02-24
fl-hb-1469-2026,committee,2026-01-15
fl-sb-1258-2026,committee,2026-01-12
fl-sb-1258-2026,introduced,2026-01-13
hi-hb-1797-2026,introduced,2026-01-23
hi-hb-1797-2026,committee,2026-02-10
ia-hsb-598-2025-2026,introduced,2026-01-21
ia-hsb-598-2025-2026,committee,2026-02-16
ia-sf-2034-2025-2026,introduced,2026-01-12
ia-sf-2034-2025-2026,committee,2026-01-28
ia-sf-2384-2025-2026,introduced,2026-02-19
ia-ssb-3052-2025-2026,introduced,2026-01-21
ia-ssb-3052-2025-2026,committee,2026-01-21
il-hb-1839-104th,committee,2026-02-11
il-hb-4663-104th,committee,2026-03-24
il-hb-4789-104th,committee,2026-03-18
il-hb-5103-104th,committee,2026-03-18
il-hb-5220-104th,committee,2026-03-04
il-sb-3308-104th,committee,2026-02-17
il-sb-3392-104th,committee,2026-02-17
ky-hb-223-2026rs,introduced,2026-01-07
ky-hb-223-2026rs,committee,2026-01-14
ky-sb-110-2026rs,introduced,2026-01-20
ky-sb-110-2026rs,committee,2026-04-01
ky-sb-110-2026rs,passed_legislature,2026-04-01
ky-sb-110-2026rs,executive,2026-04-13
ma-h-1280-194th,committee,2025-02-27
ma-h-3634-194th,committee,2025-02-27
ma-h-3649-194th,committee,2025-02-27
ma-h-3669-194th,committee,2025-02-27
ma-s-2379-194th,committee,2025-02-27
ma-s-2393-194th,committee,2025-02-27
md-hb-1295-2026,committee,2026-02-12
md-sb-909-2026,committee,2026-02-06
mn-hf-3513-2025-2026,introduced,2026-02-19
mn-hf-3513-2025-2026,committee,2026-02-19
mn-hf-3810-2025-2026,introduced,2026-02-26
mn-hf-3810-2025-2026,committee,2026-02-26
mn-hf-4112-2025-2026,introduced,2026-03-09
mn-hf-4112-2025-2026,committee,2026-03-09
mn-hf-4216-2025-2026,introduced,2026-03-12
mn-hf-4216-2025-2026,committee,2026-03-12
mn-hf-4521-2025-2026,introduced,2026-03-23
mn-hf-4521-2025-2026,committee,2026-03-23
mn-sf-4010-2025-2026,introduced,2026-03-02
mn-sf-4010-2025-2026,committee,2026-03-02
mn-sf-4014-2025-2026,introduced,2026-03-02
mn-sf-4014-2025-2026,committee,2026-03-23
mn-sf-4381-2025-2026,introduced,2026-03-11
mn-sf-4381-2025-2026,committee,2026-03-11
mn-sf-4618-2025-2026,introduced,2026-03-18
mn-sf-4618-2025-2026,committee,2026-04-07
mn-sf-4731-2025-2026,introduced,2026-03-23
mn-sf-4731-2025-2026,committee,2026-03-23
mo-hb-2267-2018,introduced,2018-01-25
mo-hb-2267-2018,committee,2018-05-18
mo-hb-2271-2018,introduced,2018-01-25
mo-hb-2271-2018,committee,2018-05-18
mo-sb-811-2018,committee,2018-01-17
mt-sb-67-2025,committee,2025-04-09
mt-sb-67-2025,passed_legislature,2025-04-25
mt-sb-67-2025,executive,2025-05-05
mt-sb-67-2025,law,2025-05-08
mt-sj-16-2025,committee,2025-04-04
mt-sj-16-2025,passed_legislature,2025-05-02
nj-a-3968-222,introduced,2026-01-13
nj-a-3968-222,committee,2026-06-01
nj-a-768-222,introduced,2026-01-13
nj-a-768-222,committee,2026-01-13
nj-a-958-222,introduced,2026-01-13
nj-a-958-222,committee,2026-01-13
nj-s-1677-222,introduced,2026-01-13
nj-s-1677-222,committee,2026-05-11
ny-a-10008-2025-2026,committee,2026-05-26
ny-a-10008-2025-2026,passed_legislature,2026-05-26
ny-a-10008-2025-2026,executive,2026-05-26
ny-a-11500-2025-2026,committee,2026-05-28
ny-a-3650-2025-2026,committee,2025-01-29
ny-a-4901-2025-2026,committee,2026-04-24
ny-a-6180-2025-2026,committee,2026-01-07
ny-a-728-2025-2026,committee,2026-01-07
ny-a-793-2025-2026,committee,2026-01-07
ny-a-8109-2025-2026,committee,2026-01-07
ny-s-10413-2025-2026,committee,2026-05-15
ny-s-10473-2025-2026,committee,2026-05-15
ny-s-2688-2025-2026,committee,2025-01-22
ny-s-344-2025-2026,committee,2026-05-06
ny-s-6751-2025-2026,committee,2026-01-07
ny-s-7956-2025-2026,committee,2026-01-07
ny-s-9008-2025-2026,committee,2026-05-25
or-hb-4085-2026r1,introduced,2026-02-02
or-hb-4085-2026r1,committee,2026-02-02
pa-hb-1639-2025-2026,committee,2025-06-23
pa-hb-2069-2025-2026,committee,2025-12-03
pa-hr-563-2025-2026,committee,2026-06-10
ut-hb-581-2026,committee,2026-03-02
ut-hb-581-2026,passed_legislature,2026-03-04
ut-sb-292-2026,committee,2026-03-04
ut-sb-292-2026,passed_legislature,2026-03-07
ut-sb-292-2026,executive,2026-03-23
va-hb-1124-2026,introduced,2026-01-14
va-hb-1124-2026,committee,2026-02-17
va-hb-1124-2026,passed_legislature,2026-03-31
va-hb-1124-2026,executive,2026-04-13
va-hb-1125-2026,introduced,2026-01-14
va-hb-1125-2026,committee,2026-01-29
va-sb-670-2026,introduced,2026-01-14
va-sb-670-2026,committee,2026-02-20
va-sb-670-2026,passed_legislature,2026-02-12
