id,jurisdiction,number,title,summary,takeaway,status,measure_type,last_action_date,last_action,session,progress_stage,stage_dates,hearings,source_url,repository_url,reviewed_at,summary_reviewed_at,openstates_id,openstates_updated_at
al-sb-222-2026rs,AL,SB 222,"Motor vehicles; operation of oversized vehicles operated by automated driving systems, prohibited",Motor Vehicles & Traffic,Motor Vehicles & Traffic,passed,bill,2026-04-01,"Transportation, Utilities and Infrastructure 1st Substitute (Transportation, Utilities and Infrastructure)",2026rs,passed_legislature,"{""committee"":""2026-02-24"",""passed_legislature"":""2026-02-24""}",[],https://alison.legislature.state.al.us/bill-search,https://openstates.org/al/bills/2026rs/SB222/,2026-09-29,,ocd-bill/15108415-5983-4ee4-9a30-ddb22a9903c2,2026-07-09T22:32:17.309868+00:00
az-sb-1417-57th-2nd-regular,AZ,SB 1417,autonomous vehicles; safety; data,autonomous vehicles; safety; data,autonomous vehicles; safety; data,introduced,bill,2026-01-28,Senate Second Reading,57th-2nd-regular,introduced,{},[],https://apps.azleg.gov/BillStatus/BillOverview/84971?SessionId=130,https://openstates.org/az/bills/57th-2nd-regular/SB1417/,2026-09-29,,ocd-bill/f4535e95-c26a-4b33-8eb4-c4da2b62e04b,2026-03-18T01:18:38.574357+00:00
ca-ab-2193-20252026,CA,AB 2193,Autonomous vehicles.,"Existing law authorizes the operation of an autonomous vehicle on public roads for testing purposes by a driver who possesses the proper class of license for the type of vehicle operated if specified requirements are satisfied. Existing law prohibits the operation of an autonomous vehicle on public roads until the manufacturer submits an application to the Department of Motor Vehicles, as specified, and that application is approved. Existing law requires the department to adopt regulations setting forth requirements for the submission and approval of an application, including, among other things, any testing, equipment, and performance standards the department concludes are necessary to ensu",Existing law authorizes the operation of an autonomous vehicle on public roads for testing purposes by a driver who possesses the proper class of license for the type of vehicle operated if specified requirements are satisfied,engrossed,bill,2026-05-14,In committee: Held under submission.,20252026,floor,"{""committee"":""2026-05-13""}",[],https://openstates.org/ca/bills/20252026/AB2193/,https://openstates.org/ca/bills/20252026/AB2193/,2026-09-29,,ocd-bill/8bb84568-51be-40f7-a292-2aa23cfe1c26,2026-07-09T04:51:21.856958+00:00
ca-ab-33-20252026,CA,AB 33,Autonomous vehicles.,"Existing law authorizes the operation of an autonomous vehicle on public roads for testing purposes by a driver who possesses the proper class of license for the type of vehicle operated if specified requirements are satisfied. Existing law prohibits the operation of an autonomous vehicle on public roads until the manufacturer submits an application to the Department of Motor Vehicles, as specified, and that application is approved. A violation of the Vehicle Code or a local ordinance adopted pursuant to that code is an infraction.

This bill would prohibit the delivery of commercial goods, as defined, directly to a residence or to a business for its use or retail sale through the operation ",Existing law authorizes the operation of an autonomous vehicle on public roads for testing purposes by a driver who possesses the proper class of license for the type of vehicle operated if specified requirements are satisfied,passed,bill,2025-09-09,Ordered to inactive file at the request of Senator Gonzalez.,20252026,passed_legislature,"{""committee"":""2025-08-29"",""passed_legislature"":""2025-05-29""}",[],https://openstates.org/ca/bills/20252026/AB33/,https://openstates.org/ca/bills/20252026/AB33/,2026-09-29,,ocd-bill/b040b593-f8fd-4869-a6cb-530f780c6559,2026-07-09T04:58:31.470169+00:00
ca-sb-1246-20252026,CA,SB 1246,Autonomous vehicles.,"(1) Existing law authorizes the operation of an autonomous vehicle on public roads for testing purposes by a driver who possesses the proper class of license for the type of vehicle operated if specified requirements are satisfied. Existing law prohibits the operation of an autonomous vehicle on public roads until the manufacturer submits an application to the Department of Motor Vehicles (department) , as specified, and that application is approved. Existing law requires the department to adopt regulations setting forth requirements for the submission and approval of an application, including, among other things, any testing, equipment, and performance standards the department concludes are",(1) Existing law authorizes the operation of an autonomous vehicle on public roads for testing purposes by a driver who possesses the proper class of license for the type of vehicle operated if specified requirements are satisfied,passed,bill,2026-09-09,Enrolled and presented to the Governor at 2 p.m.,20252026,passed_legislature,"{""introduced"":""2026-02-19"",""committee"":""2026-08-31"",""passed_legislature"":""2026-08-30""}",[],https://openstates.org/ca/bills/20252026/SB1246/,https://openstates.org/ca/bills/20252026/SB1246/,2026-09-29,,ocd-bill/84856a8a-5cff-41ee-9237-9f569454b676,2026-09-29T09:25:39.927458+00:00
ca-sb-480-20252026,CA,SB 480,Autonomous vehicles.,"Existing law authorizes the operation of an autonomous vehicle on public roads for testing purposes by a driver who possesses the proper class of license for the type of vehicle operated if specified requirements are satisfied. Existing law prohibits the operation of an autonomous vehicle on public roads until the manufacturer submits an application to the Department of Motor Vehicles, as specified, and that application is approved. Existing law requires the department to adopt regulations setting forth requirements for the submission and approval of an application, including, among other things, any testing, equipment, and performance standards the department concludes are necessary to ensu",Existing law authorizes the operation of an autonomous vehicle on public roads for testing purposes by a driver who possesses the proper class of license for the type of vehicle operated if specified requirements are satisfied,enacted,bill,2025-10-06,"Chaptered by Secretary of State. Chapter 415, Statutes of 2025.",20252026,law,"{""introduced"":""2025-02-19"",""committee"":""2025-09-03"",""passed_legislature"":""2025-08-28"",""executive"":""2025-10-06"",""law"":""2025-10-06""}",[],https://openstates.org/ca/bills/20252026/SB480/,https://openstates.org/ca/bills/20252026/SB480/,2026-09-29,,ocd-bill/f9108655-2446-4579-a74e-8edc20fa103e,2026-07-09T05:07:12.397648+00:00
ca-sb-572-20252026,CA,SB 572,Vehicles: advanced driver assistance system: crash reports.,"Existing law regulates vehicles, including autonomous vehicles and autonomous technology in vehicles. Under existing federal statute and regulation, the National Highway Traffic Safety Administration (NHTSA) issued the Third Amended Standing General Order 2021-01, effective June 16, 2025, that requires specified vehicle and equipment manufacturers and operators of autonomous driving systems and Level 2 advanced driver assistance system (ADAS) vehicles to report crashes to NHTSA, as specified. A violation of the Vehicle Code is an infraction.

This bill would require a manufacturer of a Level 2 ADAS vehicle to report a crash involving its Level 2 ADAS vehicle to the Department of Motor Vehicl","Existing law regulates vehicles, including autonomous vehicles and autonomous technology in vehicles",passed,bill,2025-08-29,August 29 hearing: Held in committee and under submission.,20252026,passed_legislature,"{""introduced"":""2025-02-20"",""committee"":""2025-07-15"",""passed_legislature"":""2025-05-28""}",[],https://openstates.org/ca/bills/20252026/SB572/,https://openstates.org/ca/bills/20252026/SB572/,2026-09-29,,ocd-bill/2941438a-0630-45ee-88aa-7c3a286f7bdc,2026-07-09T05:53:12.621276+00:00
co-hb-1071-2026a,CO,HB 1071,Local Government Vehicle Identification System on Interstate Highways,"Current law allows the state to locate an automated vehicle identification system (AVIS) on a highway that is part of the federal interstate highway system but prohibits a county, city and county, or municipality (local government) from doing so. The bill authorizes a local government city and county or municipality to locate an AVIS on a highway that is part of the federal interstate highway system.(Note: Italicized words indicate new material added to the original summary; dashes through words indicate deletions from the original summary.)(Note: This summary applies to the reengrossed version of this bill as introduced in the second house.)","Current law allows the state to locate an automated vehicle identification system (AVIS) on a highway that is part of the federal interstate highway system but prohibits a county, city and county, or municipality (local government) from doing so",passed,bill,2026-04-21,Senate Third Reading Laid Over to 05/14/2026 - No Amendments,2026A,passed_legislature,"{""introduced"":""2026-02-26"",""committee"":""2026-03-19"",""passed_legislature"":""2026-02-23""}",[],https://leg.colorado.gov/bills/HB26-1071,https://openstates.org/co/bills/2026A/HB1071/,2026-09-29,,ocd-bill/be91d205-d05f-49eb-a595-c086edda0dde,2026-07-28T18:15:25.388128+00:00
co-hb-1286-2026a,CO,HB 1286,Automated Driving System Commercial Vehicles,"The act prohibits using an automated driving system to drive a commercial motor vehicle unless an individual who holds a commercial driver's license is in the vehicle, monitors the vehicle's driving, and intervenes, if necessary, to avoid illegal or unsafe driving. The individual must be in the driver's seat if hazardous materials are being transported. The penalty is $1,000 for a first offense, is $2,000 for a second offense, and doubles for each subsequent offense.     The act does not apply to a light-duty vehicle or a truck-mounted attenuator.     The prohibition is repealed September 1, 2031. The chief of the Colorado state patrol will analyze the act's effects on commercial vehicle saf","The act prohibits using an automated driving system to drive a commercial motor vehicle unless an individual who holds a commercial driver's license is in the vehicle, monitors the vehicle's driving, and intervenes, if necessary, to avoid illegal or unsafe driving",vetoed,bill,2026-05-28,Governor Vetoed,2026A,executive,"{""introduced"":""2026-05-11"",""committee"":""2026-05-11"",""passed_legislature"":""2026-05-21"",""executive"":""2026-05-28""}",[],https://leg.colorado.gov/bills/HB26-1286,https://openstates.org/co/bills/2026A/HB1286/,2026-09-29,,ocd-bill/0c5607ff-a283-4172-b8bc-3a021fa34ac9,2026-08-03T18:12:45.474864+00:00
co-sb-152-2026a,CO,SB 152,Changes Automated Vehicle Identification System Usage,"The act makes changes to the use of automated vehicle identification systems (AVIS), including:Modifying the public notice requirements that the state, a county, a city and county, a municipality, or an agency responsible for placing a new AVIS must provide before utilizing the new AVIS;Making the registered owner of a motor vehicle responsible for all civil penalties associated with violations committed with the vehicle unless the vehicle was sold, leased, or stolen;Creating a procedure through which the registered owner of a motor vehicle may prove that the vehicle was sold, leased, or stolen at the time when a violation was detected by an AVIS and, thereby, under certain circumstances, re","The act makes changes to the use of automated vehicle identification systems (AVIS), including:Modifying the public notice requirements that the state, a county, a city and county, a municipality, or an agency responsible for placing a new AVIS must provide before utilizing the new AVIS;Making the registered owner of a motor vehicle responsible for",enacted,bill,2026-06-02,Governor Signed,2026A,law,"{""introduced"":""2026-05-05"",""committee"":""2026-05-08"",""passed_legislature"":""2026-05-26"",""executive"":""2026-06-02""}",[],https://leg.colorado.gov/bills/SB26-152,https://openstates.org/co/bills/2026A/SB152/,2026-09-29,,ocd-bill/e3980ff5-7ca9-4999-925e-3850d84e3681,2026-08-20T01:35:33.403639+00:00
de-sb-46-153,DE,SB 46,AN ACT TO AMEND TITLE 21 OF THE DELAWARE CODE RELATING TO AUTONOMOUS VEHICLES.,"This Act prohibits any autonomous vehicle that requires a Class A commercial driver license without an O restriction from being operated on a Delaware highway for testing purposes, transporting goods, or transporting passengers without a human safety operator being physically present within the autonomous vehicle. A two-thirds vote requirement is required under Section 28 of Article IV of the Delaware Constitution.","This Act prohibits any autonomous vehicle that requires a Class A commercial driver license without an O restriction from being operated on a Delaware highway for testing purposes, transporting goods, or transporting passengers without a human safety operator being physically present within the autonomous vehicle",passed,bill,2025-05-14,"Reported Out of Committee (Transportation) in House with 1 Favorable, 5 On Its Merits",153,passed_legislature,"{""introduced"":""2025-03-25"",""committee"":""2025-05-14"",""passed_legislature"":""2025-03-20""}",[],https://legis.delaware.gov/BillDetail?LegislationId=141797,https://openstates.org/de/bills/153/SB46/,2026-09-29,,ocd-bill/b39e2abb-6c51-43f1-8142-96a8876b99b9,2026-08-26T07:20:11.829857+00:00
fl-hb-1233-2026,FL,HB 1233,Transportation,Transportation;  Revises membership of Florida Transportation Research Institute; requires Florida Greenways & Trails Council to meet within specified timeframe to update specified recommendations; requires seaports to include critical infrastructure resource strategies in specified plan; revises provisions relating to personal delivery devices & mobile carriers; increases certain speed limits; modifies terms for elections to attend basic driver improvement course; authorizes certain rental trucks to elect permanent registration period; requires motor vehicle registration renewal to be recorded electronically; removes provisions relating to validation stickers; revises provisions relating to,Transportation;  Revises membership of Florida Transportation Research Institute; requires Florida Greenways & Trails Council to meet within specified timeframe to update specified recommendations; requires seaports to include critical infrastructure resource strategies in specified plan; revises provisions relating to personal delivery devices & m,engrossed,bill,2026-03-11,Laid on Table,2026,floor,"{""committee"":""2026-02-24""}",[],https://flsenate.gov/Session/Bill/2026/1233/ByCategory,https://openstates.org/fl/bills/2026/HB1233/,2026-09-29,,ocd-bill/552c798b-54cc-4dba-a1c8-82bd2ee91b3d,2026-07-31T12:18:57.443411+00:00
fl-hb-1469-2026,FL,HB 1469,Autonomous Vehicle Safety,"Autonomous Vehicle Safety;  Requires autonomous vehicle registered in this state to comply with certain standards, regulations, & laws; prohibits autonomous vehicle from engaging in certain activities unless licensed human operator is physically present in vehicle; requires such operator to comply with certain standards, regulations, & laws.","Autonomous Vehicle Safety;  Requires autonomous vehicle registered in this state to comply with certain standards, regulations, & laws; prohibits autonomous vehicle from engaging in certain activities unless licensed human operator is physically present in vehicle; requires such operator to comply with certain standards, regulations, & laws",introduced,bill,2026-03-13,Died in Government Operations Subcommittee,2026,committee,"{""committee"":""2026-01-15""}",[],https://flsenate.gov/Session/Bill/2026/1469/ByCategory,https://openstates.org/fl/bills/2026/HB1469/,2026-09-29,,ocd-bill/6da1bee9-f9cb-4fde-93c8-d1ebfcc57560,2026-03-18T19:28:00.351523+00:00
fl-sb-1258-2026,FL,SB 1258,Delivery of Commercial Goods by Autonomous Vehicles,"Delivery of Commercial Goods by Autonomous Vehicles;  Prohibiting the use of an autonomous vehicle to deliver commercial goods directly to a residence or business for use or retail sale unless a licensed human operator is physically present in the autonomous vehicle; requiring the Department of Highway Safety and Motor Vehicles to submit to the Legislature a report evaluating the use of certain autonomous vehicle technology and its impacts on public safety and employment in the transportation sector by a certain date, etc.",Delivery of Commercial Goods by Autonomous Vehicles;  Prohibiting the use of an autonomous vehicle to deliver commercial goods directly to a residence or business for use or retail sale unless a licensed human operator is physically present in the autonomous vehicle; requiring the Department of Highway Safety and Motor Vehicles to submit to the Leg,introduced,bill,2026-03-13,Died in Transportation,2026,committee,"{""committee"":""2026-01-12"",""introduced"":""2026-01-13""}",[],https://flsenate.gov/Session/Bill/2026/1258/ByCategory,https://openstates.org/fl/bills/2026/SB1258/,2026-09-29,,ocd-bill/c59ac9b6-602b-48fa-8f85-12a743ad9298,2026-06-30T15:57:31.534853+00:00
hi-hb-1797-2026,HI,HB 1797,RELATING TO AUTONOMOUS VEHICLES.,Requires an automated vehicle used by a motor carrier to transport passengers commercially to have a human supervisor present in the vehicle.  Establishes an income tax credit to incentivize the training of supervisors for autonomous vehicles.  Sunsets 12/31/2036.  Applies to taxable years beginning after 12/31/2026.  Effective 7/1/3000.  (HD1),Requires an automated vehicle used by a motor carrier to transport passengers commercially to have a human supervisor present in the vehicle,engrossed,bill,2026-02-10,Passed Second Reading as amended in HD 1 and referred to the committee(s) on CPC with none voting aye with reservations; none voting no (0) and none excused (0).,2026,floor,"{""introduced"":""2026-01-23"",""committee"":""2026-02-10""}",[],https://capitol.hawaii.gov/session/measure_indiv.aspx?billtype=HB&billnumber=1797&year=2026,https://openstates.org/hi/bills/2026/HB1797/,2026-09-29,,ocd-bill/0d43893c-264f-4691-b034-28e2756b3cd3,2026-07-15T06:43:52.768339+00:00
ia-hsb-598-2025-2026,IA,HSB 598,"A bill for an act relating to the operation of driverless-capable vehicles, including associated civil and criminal liability, and making penalties applicable.","A bill for an act relating to the operation of driverless-capable vehicles, including associated civil and criminal liability, and making penalties applicable.","A bill for an act relating to the operation of driverless-capable vehicles, including associated civil and criminal liability, and making penalties applicable",engrossed,bill,2026-02-23,"Committee report approving bill, renumbered as HF 2673.",2025-2026,floor,"{""introduced"":""2026-01-21"",""committee"":""2026-02-16""}",[],https://www.legis.iowa.gov/legislation/billTracking/billHistory?billName=HSB 598&ga=91,https://openstates.org/ia/bills/2025-2026/HSB598/,2026-09-29,,ocd-bill/5d2a3780-6cf3-4c0b-aef9-f926b1368674,2026-03-18T09:27:36.154307+00:00
ia-sf-2034-2025-2026,IA,SF 2034,A bill for an act relating to the use of automated vehicle noise enforcement systems.,A bill for an act relating to the use of automated vehicle noise enforcement systems.,A bill for an act relating to the use of automated vehicle noise enforcement systems,engrossed,bill,2026-02-11,"Committee report approving bill, renumbered as SF 2284.",2025-2026,floor,"{""introduced"":""2026-01-12"",""committee"":""2026-01-28""}",[],https://www.legis.iowa.gov/legislation/billTracking/billHistory?billName=SF 2034&ga=91,https://openstates.org/ia/bills/2025-2026/SF2034/,2026-09-29,,ocd-bill/4650dedc-9e40-4a83-87fb-70ed1af8c7ce,2026-03-18T09:23:17.931245+00:00
ia-sf-2384-2025-2026,IA,SF 2384,"A bill for an act relating to the operation of driverless-capable vehicles, including associated civil and criminal liability, and making penalties applicable.","A bill for an act relating to the operation of driverless-capable vehicles, including associated civil and criminal liability, and making penalties applicable.","A bill for an act relating to the operation of driverless-capable vehicles, including associated civil and criminal liability, and making penalties applicable",introduced,bill,2026-03-19,Placed on calendar under unfinished business.,2025-2026,committee,"{""introduced"":""2026-02-19""}",[],https://www.legis.iowa.gov/legislation/billTracking/billHistory?billName=SF 2384&ga=91,https://openstates.org/ia/bills/2025-2026/SF2384/,2026-09-29,,ocd-bill/63ca3153-e04c-4e02-b650-0561308c10cd,2026-03-20T07:17:51.459528+00:00
ia-ssb-3052-2025-2026,IA,SSB 3052,"A bill for an act relating to the operation of driverless-capable vehicles, including associated civil and criminal liability, and making penalties applicable.","A bill for an act relating to the operation of driverless-capable vehicles, including associated civil and criminal liability, and making penalties applicable.","A bill for an act relating to the operation of driverless-capable vehicles, including associated civil and criminal liability, and making penalties applicable",introduced,bill,2026-02-18,"Committee report approving bill, renumbered as SF 2384.",2025-2026,committee,"{""introduced"":""2026-01-21"",""committee"":""2026-01-21""}",[],https://www.legis.iowa.gov/legislation/billTracking/billHistory?billName=SSB 3052&ga=91,https://openstates.org/ia/bills/2025-2026/SSB3052/,2026-09-29,,ocd-bill/7c26a04e-4eae-495c-97b2-97087386e7db,2026-03-18T09:38:48.219205+00:00
il-hb-1839-104th,IL,HB 1839,SAFE AUTONOMOUS VEHICLE ACT,SAFE AUTONOMOUS VEHICLE ACT,SAFE AUTONOMOUS VEHICLE ACT,introduced,bill,2026-03-27,Rule 19(a) / Re-referred to Rules Committee,104th,committee,"{""committee"":""2026-02-11""}",[],https://ilga.gov/Legislation/BillStatus?DocNum=1839&GAID=18&DocTypeID=HB&LegId=159329&SessionID=114,https://openstates.org/il/bills/104th/HB1839/,2026-09-29,,ocd-bill/1889326a-280f-4152-8452-9cba5f522b54,2026-07-11T08:44:11.137312+00:00
il-hb-2974-104th,IL,HB 2974,AUTONOMOUS VEHICLE TESTING,AUTONOMOUS VEHICLE TESTING,AUTONOMOUS VEHICLE TESTING,introduced,bill,2025-02-06,Referred to Rules Committee,104th,introduced,{},[],https://ilga.gov/Legislation/BillStatus?DocNum=2974&GAID=18&DocTypeID=HB&LegId=161217&SessionID=114,https://openstates.org/il/bills/104th/HB2974/,2026-09-29,,ocd-bill/a5430b0b-419d-41ae-951c-e965bcf8e3ef,2026-07-11T09:08:24.633480+00:00
il-hb-4663-104th,IL,HB 4663,AUTONOMOUS VEHICLE PILOT PROJ,AUTONOMOUS VEHICLE PILOT PROJ,AUTONOMOUS VEHICLE PILOT PROJ,introduced,bill,2026-03-27,Rule 19(a) / Re-referred to Rules Committee,104th,committee,"{""committee"":""2026-03-24""}",[],https://ilga.gov/Legislation/BillStatus?DocNum=4663&GAID=18&DocTypeID=HB&LegId=165621&SessionID=114,https://openstates.org/il/bills/104th/HB4663/,2026-09-29,,ocd-bill/4941dae8-bef1-47b7-9a1c-5b233cbedc55,2026-07-11T09:28:19.436103+00:00
il-hb-4789-104th,IL,HB 4789,AUTOMATED DRIVING SYSTEMS,AUTOMATED DRIVING SYSTEMS,AUTOMATED DRIVING SYSTEMS,introduced,bill,2026-03-27,Rule 19(a) / Re-referred to Rules Committee,104th,committee,"{""committee"":""2026-03-18""}",[],https://ilga.gov/Legislation/BillStatus?DocNum=4789&GAID=18&DocTypeID=HB&LegId=165946&SessionID=114,https://openstates.org/il/bills/104th/HB4789/,2026-09-29,,ocd-bill/95da6ef1-56de-4ffc-96a1-f24aa0221a8c,2026-07-11T08:31:07.502437+00:00
il-hb-5103-104th,IL,HB 5103,AUTOMATED DRIVING SYSTEMS,AUTOMATED DRIVING SYSTEMS,AUTOMATED DRIVING SYSTEMS,introduced,bill,2026-03-27,Rule 19(a) / Re-referred to Rules Committee,104th,committee,"{""committee"":""2026-03-18""}",[],https://ilga.gov/Legislation/BillStatus?DocNum=5103&GAID=18&DocTypeID=HB&LegId=166661&SessionID=114,https://openstates.org/il/bills/104th/HB5103/,2026-09-29,,ocd-bill/da40057a-8727-4ec0-a0b1-a6f18c65e667,2026-07-11T08:38:34.630857+00:00
il-hb-5220-104th,IL,HB 5220,AUTONOMOUS VEHICLES,AUTONOMOUS VEHICLES,AUTONOMOUS VEHICLES,introduced,bill,2026-03-27,Rule 19(a) / Re-referred to Rules Committee,104th,committee,"{""committee"":""2026-03-04""}",[],https://ilga.gov/Legislation/BillStatus?DocNum=5220&GAID=18&DocTypeID=HB&LegId=166893&SessionID=114,https://openstates.org/il/bills/104th/HB5220/,2026-09-29,,ocd-bill/967b1f12-7d37-4718-b44b-3341e8452d77,2026-07-11T09:09:47.169857+00:00
il-sb-3308-104th,IL,SB 3308,AUTOMATED DRIVING SYSTEMS,AUTOMATED DRIVING SYSTEMS,AUTOMATED DRIVING SYSTEMS,introduced,bill,2026-05-13,Added as Co-Sponsor Sen. Mark L. Walker,104th,committee,"{""committee"":""2026-02-17""}",[],https://ilga.gov/Legislation/BillStatus?DocNum=3308&GAID=18&DocTypeID=SB&LegId=166113&SessionID=114,https://openstates.org/il/bills/104th/SB3308/,2026-09-29,,ocd-bill/6a8f79e4-0617-423d-beb3-1dc0ca8de7ce,2026-07-11T03:37:16.251716+00:00
il-sb-3392-104th,IL,SB 3392,AUTONOMOUS VEHICLE PILOT PROJ,AUTONOMOUS VEHICLE PILOT PROJ,AUTONOMOUS VEHICLE PILOT PROJ,introduced,bill,2026-05-30,Added as Co-Sponsor Sen. Donald P. DeWitte,104th,committee,"{""committee"":""2026-02-17""}",[],https://ilga.gov/Legislation/BillStatus?DocNum=3392&GAID=18&DocTypeID=SB&LegId=166310&SessionID=114,https://openstates.org/il/bills/104th/SB3392/,2026-09-29,,ocd-bill/78ab0b02-7956-4236-a846-cb23660c9a73,2026-07-11T03:55:39.828458+00:00
ky-hb-223-2026rs,KY,HB 223,AN ACT relating to autonomous vehicles.,Amend KRS 186.763 to prohibit a school district from operating a fully autonomous vehicle as a school bus or for transporting students; prohibit the operation of a fully autonomous vehicle if that vehicle requires an operator with a commercial driver's license; amend KRS 281.764 to conform.,Amend KRS 186.763 to prohibit a school district from operating a fully autonomous vehicle as a school bus or for transporting students; prohibit the operation of a fully autonomous vehicle if that vehicle requires an operator with a commercial driver's license; amend KRS 281.764 to conform,introduced,bill,2026-01-14,to Transportation (H),2026RS,committee,"{""introduced"":""2026-01-07"",""committee"":""2026-01-14""}",[],https://apps.legislature.ky.gov/record/26RS/hb223.html,https://openstates.org/ky/bills/2026RS/HB223/,2026-09-29,,ocd-bill/f55e5aef-1e13-4bfb-b20f-521810d4626d,2026-08-20T01:19:42.748166+00:00
ky-sb-110-2026rs,KY,SB 110,AN ACT relating to motor vehicles and declaring an emergency.,"Create a new section of KRS Chapter 186A to require that beginning July 1, 2027, lienholders and motor vehicle dealers use the electronic title application and registration system to submit title, registration, and lien documents; provide exemptions; require the Transportation Cabinet to ensure the electronic title application and registration system and the centralized lien management system are operational by January 1, 2027; create a new section of KRS Chapter 186A to provide that beginning July 1, 2027, titles will not automatically be printed and mailed to the vehicle owner, but kept electronically in the automated vehicle information system; establish procedures to obtain a printed tit","Create a new section of KRS Chapter 186A to require that beginning July 1, 2027, lienholders and motor vehicle dealers use the electronic title application and registration system to submit title, registration, and lien documents; provide exemptions; require the Transportation Cabinet to ensure the electronic title application and registration syst",enacted,bill,2026-04-13,signed by Governor (Acts Ch. 135),2026RS,law,"{""introduced"":""2026-01-20"",""committee"":""2026-04-01"",""passed_legislature"":""2026-04-01"",""executive"":""2026-04-13""}",[],https://apps.legislature.ky.gov/record/26RS/sb110.html,https://openstates.org/ky/bills/2026RS/SB110/,2026-09-29,,ocd-bill/4f98aa75-2311-4b5d-8dc5-425d39cdcd12,2026-08-20T01:17:09.672266+00:00
ma-h-1280-194th,MA,H 1280,An Act regulating insurance coverage for testing and deployment of autonomous vehicles and establishing school zone safety protocol,"By Representative Paulino of Methuen, a petition (accompanied by bill, House, No. 1280) of Francisco E. Paulino relative to insurance coverage for testing and deployment of and school zone safety protocol for autonomous vehicles.  Financial Services.","By Representative Paulino of Methuen, a petition (accompanied by bill, House, No",introduced,bill,2025-12-01,"Accompanied a study order, see H4777",194th,committee,"{""committee"":""2025-02-27""}",[],https://malegislature.gov/Bills/194/H1280,https://openstates.org/ma/bills/194th/H1280/,2026-09-29,,ocd-bill/7ffec788-6cc4-485e-83f7-610381c530a4,2026-07-09T06:00:20.099851+00:00
ma-h-3634-194th,MA,H 3634,An Act relative to providing multimodal transportation technologies,"By Representatives Cahill of Lynn and Blais of Deerfield, a petition (accompanied by bill, House, No. 3634) of Daniel Cahill and Natalie M. Blais relative to autonomous vehicles.  Transportation.","By Representatives Cahill of Lynn and Blais of Deerfield, a petition (accompanied by bill, House, No",introduced,bill,2026-04-06,"Accompanied a study order, see H5326",194th,committee,"{""committee"":""2025-02-27""}",[],https://malegislature.gov/Bills/194/H3634,https://openstates.org/ma/bills/194th/H3634/,2026-09-29,,ocd-bill/e0c1505f-5e0b-46ab-965c-31d7394f417d,2026-07-09T07:47:50.897617+00:00
ma-h-3649-194th,MA,H 3649,An Act limiting autonomous driving capabilities to zero emission and electric vehicles,"By Representative Day of Stoneham, a petition (accompanied by bill, House, No. 3649) of Michael S. Day relative to limiting autonomous driving capabilities to zero emission and electric vehicles.  Transportation.","By Representative Day of Stoneham, a petition (accompanied by bill, House, No",introduced,bill,2025-11-24,"Accompanied a study order, see H4775",194th,committee,"{""committee"":""2025-02-27""}",[],https://malegislature.gov/Bills/194/H3649,https://openstates.org/ma/bills/194th/H3649/,2026-09-29,,ocd-bill/f31da09d-d215-40d1-a348-f158a9f7ca41,2026-07-09T02:52:26.544405+00:00
ma-h-3669-194th,MA,H 3669,An Act relative to the safety of autonomous vehicles,"By Representative Giannino of Revere, a petition (accompanied by bill, House, No. 3669) of Jessica Ann Giannino for legislation to further regulate the operation of autonomous vehicles.  Transportation.","By Representative Giannino of Revere, a petition (accompanied by bill, House, No",introduced,bill,2026-04-09,"Accompanied a study order, see H5328",194th,committee,"{""committee"":""2025-02-27""}",[],https://malegislature.gov/Bills/194/H3669,https://openstates.org/ma/bills/194th/H3669/,2026-09-29,,ocd-bill/31d4c363-cbbf-48ca-a954-52c2f6bdfe89,2026-07-09T02:49:05.141271+00:00
ma-hd-1848-194th,MA,HD 1848,An Act relative to the safety of autonomous vehicles,An Act relative to the safety of autonomous vehicles,An Act relative to the safety of autonomous vehicles,introduced,bill,2025-01-15,No action text available,194th,introduced,{},[],https://malegislature.gov/Bills/194/HD1848,https://openstates.org/ma/bills/194th/HD1848/,2026-09-29,,ocd-bill/406d04c6-c714-4373-8354-b612cf398726,2025-01-15T23:13:05.006180+00:00
ma-hd-2268-194th,MA,HD 2268,An Act regulating insurance coverage for testing and deployment of autonomous vehicles and establishing school zone safety protocol,An Act regulating insurance coverage for testing and deployment of autonomous vehicles and establishing school zone safety protocol,An Act regulating insurance coverage for testing and deployment of autonomous vehicles and establishing school zone safety protocol,introduced,bill,2025-01-16,No action text available,194th,introduced,{},[],https://malegislature.gov/Bills/194/HD2268,https://openstates.org/ma/bills/194th/HD2268/,2026-09-29,,ocd-bill/c10548d2-cda3-4aa9-9f6c-7009ac106207,2025-01-16T01:35:46.863306+00:00
ma-hd-3325-194th,MA,HD 3325,An Act limiting autonomous driving capabilities to zero emission and electric vehicles,An Act limiting autonomous driving capabilities to zero emission and electric vehicles,An Act limiting autonomous driving capabilities to zero emission and electric vehicles,introduced,bill,2025-01-17,No action text available,194th,introduced,{},[],https://malegislature.gov/Bills/194/HD3325,https://openstates.org/ma/bills/194th/HD3325/,2026-09-29,,ocd-bill/11e55480-96ad-4b95-a385-dc559c6d08d2,2025-01-17T17:31:04.313578+00:00
ma-s-2379-194th,MA,S 2379,An Act relative to providing multimodal transportation technologies,"By Mr. Driscoll, a petition (accompanied by bill, Senate, No. 2379) of William J. Driscoll, Jr. for legislation relative to fully autonomous vehicle and human drivers.  Transportation.",By Mr,introduced,bill,2026-07-31,"Accompanied a study order, see S3245",194th,committee,"{""committee"":""2025-02-27""}",[],https://malegislature.gov/Bills/194/S2379,https://openstates.org/ma/bills/194th/S2379/,2026-09-29,,ocd-bill/7fd29cd1-f49b-4ff4-a443-d16f62423eba,2026-08-01T18:57:08.154116+00:00
ma-s-2393-194th,MA,S 2393,An Act relative to the safety of autonomous vehicles,"By Mr. Feeney, a petition (accompanied by bill, Senate, No. 2393) of Paul R. Feeney for legislation relative to the safety and standards of autonomous vehicles.  Transportation.",By Mr,introduced,bill,2026-07-31,"Accompanied a study order, see S3245",194th,committee,"{""committee"":""2025-02-27""}",[],https://malegislature.gov/Bills/194/S2393,https://openstates.org/ma/bills/194th/S2393/,2026-09-29,,ocd-bill/2ecf2de5-bd85-46e3-8f34-b4022b165220,2026-08-01T18:56:57.200613+00:00
ma-sd-2531-194th,MA,SD 2531,An Act relative to the safety of autonomous vehicles,An Act relative to the safety of autonomous vehicles,An Act relative to the safety of autonomous vehicles,introduced,bill,2025-01-20,No action text available,194th,introduced,{},[],https://malegislature.gov/Bills/194/SD2531,https://openstates.org/ma/bills/194th/SD2531/,2026-09-29,,ocd-bill/f7edbe38-e245-4f25-a8f6-76fcbeabdfd5,2025-01-20T22:17:26.453299+00:00
md-hb-1295-2026,MD,HB 1295,Vehicle Laws - Fully Autonomous Vehicles,Vehicle Laws - Fully Autonomous Vehicles,Vehicle Laws - Fully Autonomous Vehicles,introduced,bill,2026-02-13,Hearing 3/05 at 1:00 p.m.,2026,committee,"{""committee"":""2026-02-12""}",[],https://openstates.org/md/bills/2026/HB1295/,https://openstates.org/md/bills/2026/HB1295/,2026-09-29,,ocd-bill/247fdb75-3555-40d3-85f6-ad4c7c13688b,2026-03-17T21:48:05.800982+00:00
md-sb-909-2026,MD,SB 909,Vehicle Laws - Fully Autonomous Vehicles,Vehicle Laws - Fully Autonomous Vehicles,Vehicle Laws - Fully Autonomous Vehicles,introduced,bill,2026-02-12,Hearing 3/04 at 1:00 p.m.,2026,committee,"{""committee"":""2026-02-06""}",[],https://openstates.org/md/bills/2026/SB909/,https://openstates.org/md/bills/2026/SB909/,2026-09-29,,ocd-bill/1253dbfd-d648-4291-afa7-3e2e608783fb,2026-03-17T21:38:04.208094+00:00
mn-hf-3513-2025-2026,MN,HF 3513,Autonomous vehicles regulated.,Autonomous vehicles regulated.,Autonomous vehicles regulated,introduced,bill,2026-04-16,Authors added Allen and Repinski,2025-2026,committee,"{""introduced"":""2026-02-19"",""committee"":""2026-02-19""}",[],https://www.revisor.mn.gov/bills/94/2026/0/HF/3513?body=House,https://openstates.org/mn/bills/2025-2026/HF3513/,2026-09-29,,ocd-bill/799ae13e-1cf0-4efe-9ff9-f0d7ab691862,2026-09-21T17:19:26.277823+00:00
mn-hf-3810-2025-2026,MN,HF 3810,"Natural person required to be present when a commercial motor vehicle is operated by an automated driving system, and criminal penalties established.","Natural person required to be present when a commercial motor vehicle is operated by an automated driving system, and criminal penalties established.","Natural person required to be present when a commercial motor vehicle is operated by an automated driving system, and criminal penalties established",introduced,bill,2026-03-12,Authors added Mekeland and Rehrauer,2025-2026,committee,"{""introduced"":""2026-02-26"",""committee"":""2026-02-26""}",[],https://www.revisor.mn.gov/bills/94/2026/0/HF/3810?body=House,https://openstates.org/mn/bills/2025-2026/HF3810/,2026-09-29,,ocd-bill/febddebf-71e7-412d-a025-0d1cc259db55,2026-09-21T17:17:32.849486+00:00
mn-hf-4112-2025-2026,MN,HF 4112,Autonomous vehicles regulated.,Autonomous vehicles regulated.,Autonomous vehicles regulated,introduced,bill,2026-03-09,"Introduction and first reading, referred to Commerce Finance and Policy",2025-2026,committee,"{""introduced"":""2026-03-09"",""committee"":""2026-03-09""}",[],https://www.revisor.mn.gov/bills/94/2026/0/HF/4112?body=House,https://openstates.org/mn/bills/2025-2026/HF4112/,2026-09-29,,ocd-bill/a9ad25c8-cc55-48e0-880a-589f5d050f08,2026-09-21T17:21:21.828527+00:00
mn-hf-4216-2025-2026,MN,HF 4216,"Advisory board established to study impacts of commercial autonomous vehicle operations implementation, minimum requirements for operation of commercial autonomous vehicles established, and permit process for commercial autonomous vehicle operations required.","Advisory board established to study impacts of commercial autonomous vehicle operations implementation, minimum requirements for operation of commercial autonomous vehicles established, and permit process for commercial autonomous vehicle operations required.","Advisory board established to study impacts of commercial autonomous vehicle operations implementation, minimum requirements for operation of commercial autonomous vehicles established, and permit process for commercial autonomous vehicle operations required",introduced,bill,2026-03-16,"Authors added Lee, F.; Greenman, and Noor",2025-2026,committee,"{""introduced"":""2026-03-12"",""committee"":""2026-03-12""}",[],https://www.revisor.mn.gov/bills/94/2026/0/HF/4216?body=House,https://openstates.org/mn/bills/2025-2026/HF4216/,2026-09-29,,ocd-bill/b4be4051-3a74-498f-acb7-718f60a97874,2026-09-21T17:30:57.660268+00:00
mn-hf-4521-2025-2026,MN,HF 4521,"Autonomous vehicles and on-demand autonomous vehicle networks operation authorized, and rulemaking authorized.","Autonomous vehicles and on-demand autonomous vehicle networks operation authorized, and rulemaking authorized.","Autonomous vehicles and on-demand autonomous vehicle networks operation authorized, and rulemaking authorized",introduced,bill,2026-03-23,"Introduction and first reading, referred to Transportation Finance and Policy",2025-2026,committee,"{""introduced"":""2026-03-23"",""committee"":""2026-03-23""}",[],https://www.revisor.mn.gov/bills/94/2026/0/HF/4521?body=House,https://openstates.org/mn/bills/2025-2026/HF4521/,2026-09-29,,ocd-bill/963a6a19-3e53-450a-b3e8-f3f44d80a273,2026-09-21T17:18:01.719571+00:00
mn-sf-4010-2025-2026,MN,SF 4010,Certain autonomous vehicles regulations provision,Certain autonomous vehicles regulations provision,Certain autonomous vehicles regulations provision,introduced,bill,2026-04-15,Author added Westrom,2025-2026,committee,"{""introduced"":""2026-03-02"",""committee"":""2026-03-02""}",[],https://www.revisor.mn.gov/bills/94/2026/0/SF/4010?body=Senate,https://openstates.org/mn/bills/2025-2026/SF4010/,2026-09-29,,ocd-bill/daa419f6-69cd-4d7f-91a7-ae6f5f941dce,2026-09-25T06:14:56.671959+00:00
mn-sf-4014-2025-2026,MN,SF 4014,Natural person requirement to be present when a commercial motor vehicle is operated by an automated driving system,Natural person requirement to be present when a commercial motor vehicle is operated by an automated driving system,Natural person requirement to be present when a commercial motor vehicle is operated by an automated driving system,introduced,bill,2026-03-23,Comm report: To pass as amended and re-refer to Judiciary and Public Safety,2025-2026,committee,"{""introduced"":""2026-03-02"",""committee"":""2026-03-23""}",[],https://www.revisor.mn.gov/bills/94/2026/0/SF/4014?body=Senate,https://openstates.org/mn/bills/2025-2026/SF4014/,2026-09-29,,ocd-bill/c1e000a0-4ede-4de7-864c-a5230c05404e,2026-09-25T06:08:47.130635+00:00
mn-sf-4381-2025-2026,MN,SF 4381,Advisory board establishment to study impacts of commercial autonomous vehicle operations implementation,Advisory board establishment to study impacts of commercial autonomous vehicle operations implementation,Advisory board establishment to study impacts of commercial autonomous vehicle operations implementation,introduced,bill,2026-03-23,Author added Johnson Stewart,2025-2026,committee,"{""introduced"":""2026-03-11"",""committee"":""2026-03-11""}",[],https://www.revisor.mn.gov/bills/94/2026/0/SF/4381?body=Senate,https://openstates.org/mn/bills/2025-2026/SF4381/,2026-09-29,,ocd-bill/ad2c4803-afff-411b-95d5-d125bf0f5622,2026-09-25T06:21:48.556511+00:00
mn-sf-4618-2025-2026,MN,SF 4618,Operation of certain autonomous vehicles and on-demand autonomous vehicle networks authorization,Operation of certain autonomous vehicles and on-demand autonomous vehicle networks authorization,Operation of certain autonomous vehicles and on-demand autonomous vehicle networks authorization,introduced,bill,2026-04-07,Comm report: To pass as amended and re-refer to Judiciary and Public Safety,2025-2026,committee,"{""introduced"":""2026-03-18"",""committee"":""2026-04-07""}",[],https://www.revisor.mn.gov/bills/94/2026/0/SF/4618?body=Senate,https://openstates.org/mn/bills/2025-2026/SF4618/,2026-09-29,,ocd-bill/2b7c6916-b6b5-474d-b4e8-f78c8b4706c2,2026-09-25T06:21:15.398816+00:00
mn-sf-4731-2025-2026,MN,SF 4731,Wheelchair accessibility for operators of autonomous vehicles requirement provision,Wheelchair accessibility for operators of autonomous vehicles requirement provision,Wheelchair accessibility for operators of autonomous vehicles requirement provision,introduced,bill,2026-03-23,Referred to Transportation,2025-2026,committee,"{""introduced"":""2026-03-23"",""committee"":""2026-03-23""}",[],https://www.revisor.mn.gov/bills/94/2026/0/SF/4731?body=Senate,https://openstates.org/mn/bills/2025-2026/SF4731/,2026-09-29,,ocd-bill/f85b570e-c1e1-44ac-96b4-0beed38e21e0,2026-09-25T05:49:09.358213+00:00
mo-hb-2267-2018,MO,HB 2267,Enacts provisions relating to automated driving systems,Enacts provisions relating to automated driving systems,Enacts provisions relating to automated driving systems,introduced,bill,2018-05-18,Referred: Transportation(H),2018,committee,"{""introduced"":""2018-01-25"",""committee"":""2018-05-18""}",[],https://openstates.org/mo/bills/2018/HB2267/,https://openstates.org/mo/bills/2018/HB2267/,2026-09-29,,ocd-bill/d17f7eb3-f360-4c6d-9a89-c7c2c4b969f6,2020-04-29T00:11:37.270177+00:00
mo-hb-2271-2018,MO,HB 2271,"Contains provisions relating to the operation of automated motor vehicles in the state and establishes the ""Automated Vehicle Safety Advisory Committee""","Contains provisions relating to the operation of automated motor vehicles in the state and establishes the ""Automated Vehicle Safety Advisory Committee""","Contains provisions relating to the operation of automated motor vehicles in the state and establishes the ""Automated Vehicle Safety Advisory Committee""",introduced,bill,2018-05-18,Referred: Transportation(H),2018,committee,"{""introduced"":""2018-01-25"",""committee"":""2018-05-18""}",[],https://openstates.org/mo/bills/2018/HB2271/,https://openstates.org/mo/bills/2018/HB2271/,2026-09-29,,ocd-bill/694b3b53-4c07-4ae1-8cc9-20de33ee0a78,2020-04-29T00:11:50.270258+00:00
mo-sb-811-2018,MO,SB 811,Enacts provisions relating to automated driving systems,Enacts provisions relating to automated driving systems,Enacts provisions relating to automated driving systems,introduced,bill,2018-01-17,"Second Read and Referred S Transportation, Infrastructure and Public Safety Committee",2018,committee,"{""committee"":""2018-01-17""}",[],https://openstates.org/mo/bills/2018/SB811/,https://openstates.org/mo/bills/2018/SB811/,2026-09-29,,ocd-bill/8948fb15-cf54-4447-9e61-5d1f97c84317,2020-04-29T00:11:16.448790+00:00
mt-lc-1344-2025,MT,LC 1344,Joint resolution on automated vehicles,Joint resolution on automated vehicles,Joint resolution on automated vehicles,introduced,bill,2025-02-18,(LC) Draft Delivered to Requester,2025,introduced,{},[],https://bills.legmt.gov/#/lc/bill/2/LC1344,https://openstates.org/mt/bills/2025/LC1344/,2026-09-29,,ocd-bill/c89b1538-496a-43b2-8412-8ce28bf15e60,2025-02-18T22:54:37.345118+00:00
mt-lc-1679-2025,MT,LC 1679,Generally revise laws related to autonomous vehicles,Generally revise laws related to autonomous vehicles,Generally revise laws related to autonomous vehicles,introduced,bill,2025-05-26,(LC) Draft Died in Process,2025,introduced,{},[],https://bills.legmt.gov/#/lc/bill/2/LC1679,https://openstates.org/mt/bills/2025/LC1679/,2026-09-29,,ocd-bill/a49efcff-1b8b-4898-94ac-617a8dbb7b17,2026-06-10T11:50:00.920457+00:00
mt-lc-179-2025,MT,LC 179,Provide for the use of autonomous vehicles,Provide for the use of autonomous vehicles,Provide for the use of autonomous vehicles,introduced,bill,2024-11-19,(LC) Draft Ready for Delivery,2025,introduced,{},[],https://bills.legmt.gov/#/lc/bill/2/LC0179,https://openstates.org/mt/bills/2025/LC179/,2026-09-29,,ocd-bill/f3f6f19e-f5c8-4d9f-bdee-3cd6f13beee3,2024-12-15T01:05:35.941193+00:00
mt-sb-67-2025,MT,SB 67,Provide for the use of autonomous vehicles,Provide for the use of autonomous vehicles,Provide for the use of autonomous vehicles,enacted,bill,2025-05-08,Chapter Number Assigned,2025,law,"{""committee"":""2025-04-09"",""passed_legislature"":""2025-04-25"",""executive"":""2025-05-05"",""law"":""2025-05-08""}",[],https://bills.legmt.gov/#/laws/bill/2/LC0179?open_tab=sum,https://openstates.org/mt/bills/2025/SB67/,2026-09-29,,ocd-bill/13567927-580a-4dcf-9957-44448a3e232b,2026-08-10T11:50:17.301004+00:00
mt-sj-16-2025,MT,SJ 16,Joint resolution on automated vehicles,Joint resolution on automated vehicles,Joint resolution on automated vehicles,passed,resolution,2025-05-05,(S) Filed with Secretary of State,2025,passed_legislature,"{""committee"":""2025-04-04"",""passed_legislature"":""2025-05-02""}",[],https://bills.legmt.gov/#/laws/bill/2/LC1344?open_tab=sum,https://openstates.org/mt/bills/2025/SJ16/,2026-09-29,,ocd-bill/6474efc4-59c5-404e-a66f-895d9b6e65f7,2026-08-10T12:21:27.565977+00:00
nj-a-3968-222,NJ,A 3968,Establishes fully autonomous vehicle pilot program.*,Establishes fully autonomous vehicle pilot program.*,Establishes fully autonomous vehicle pilot program.*,introduced,bill,2026-06-01,Reported as an Assembly Committee Substitute and Referred to Assembly Appropriations Committee,222,committee,"{""introduced"":""2026-01-13"",""committee"":""2026-06-01""}",[],https://www.njleg.state.nj.us/bill-search/2026/A3968,https://openstates.org/nj/bills/222/A3968/,2026-09-29,,ocd-bill/a11c582f-0f3e-41fe-a6ee-643e7c59f29c,2026-09-11T09:46:48.993971+00:00
nj-a-768-222,NJ,A 768,Permits testing and use of autonomous vehicles on State roadways under certain circumstances.,Permits testing and use of autonomous vehicles on State roadways under certain circumstances.,Permits testing and use of autonomous vehicles on State roadways under certain circumstances,introduced,bill,2026-01-13,"Introduced, Referred to Assembly Science, Innovation and Technology Committee",222,committee,"{""introduced"":""2026-01-13"",""committee"":""2026-01-13""}",[],https://www.njleg.state.nj.us/bill-search/2026/A768,https://openstates.org/nj/bills/222/A768/,2026-09-29,,ocd-bill/d7804158-cc0c-4831-b5a4-11b2ecc3ecf2,2026-03-18T08:30:36.335973+00:00
nj-a-958-222,NJ,A 958,Requires DLPS to establish training program to prepare law enforcement to interact with autonomous vehicles.,Requires DLPS to establish training program to prepare law enforcement to interact with autonomous vehicles.,Requires DLPS to establish training program to prepare law enforcement to interact with autonomous vehicles,introduced,bill,2026-01-13,"Introduced, Referred to Assembly Public Safety and Preparedness Committee",222,committee,"{""introduced"":""2026-01-13"",""committee"":""2026-01-13""}",[],https://www.njleg.state.nj.us/bill-search/2026/A958,https://openstates.org/nj/bills/222/A958/,2026-09-29,,ocd-bill/85195e7d-c0ad-4dea-81ad-38942383a40e,2026-03-18T08:54:26.601224+00:00
nj-s-1677-222,NJ,S 1677,Establishes fully autonomous vehicle pilot program.*,Establishes fully autonomous vehicle pilot program.*,Establishes fully autonomous vehicle pilot program.*,introduced,bill,2026-05-11,Referred to Senate Budget and Appropriations Committee,222,committee,"{""introduced"":""2026-01-13"",""committee"":""2026-05-11""}",[],https://www.njleg.state.nj.us/bill-search/2026/S1677,https://openstates.org/nj/bills/222/S1677/,2026-09-29,,ocd-bill/446a3177-7fce-496d-a08e-3903eeb8f7da,2026-09-29T11:31:53.787459+00:00
ny-a-10008-2025-2026,NY,A 10008,"Enacts into law major components of legislation necessary to implement the state transportation, economic development and environmental conservation budget for the 2026-2027 state fiscal year","Enacts into law major components of legislation necessary to implement the state transportation, economic development and environmental conservation budget for the 2026-2027 state fiscal year; extends provisions of law relating to increasing certain motor vehicle transaction fees (Part A); extends the accident prevention course internet technology pilot program (Part B); establishes a demonstration program in the city of New York for the installation and operation of intelligent speed assistance devices (Part D); extends provisions of law relating to motor vehicles equipped with autonomous vehicle technology (Part E); expands the automated work zone speed enforcement program utilizing photo ","Enacts into law major components of legislation necessary to implement the state transportation, economic development and environmental conservation budget for the 2026-2027 state fiscal year; extends provisions of law relating to increasing certain motor vehicle transaction fees (Part A); extends the accident prevention course internet technology ",enacted,bill,2026-05-26,SIGNED CHAP.58,2025-2026,law,"{""committee"":""2026-05-26"",""passed_legislature"":""2026-05-26"",""executive"":""2026-05-26""}",[],https://legislation.nysenate.gov/api/3/bills/2025-2026/A10008?summary=&detail=,https://openstates.org/ny/bills/2025-2026/A10008/,2026-09-29,,ocd-bill/d56dce65-2200-40f9-91fb-88b69f290ba7,2026-05-28T00:28:31.851624+00:00
ny-a-11500-2025-2026,NY,A 11500,Relates to fully autonomous vehicles,"Authorizes the use of fully autonomous vehicles in Albany and Rensselaer counties until July 1, 2028; provides for operation, licensing, insurance, duties following crashes, on-demand autonomous vehicle networks, registration and titles, operation by human drivers, and related provisions.","Authorizes the use of fully autonomous vehicles in Albany and Rensselaer counties until July 1, 2028; provides for operation, licensing, insurance, duties following crashes, on-demand autonomous vehicle networks, registration and titles, operation by human drivers, and related provisions",introduced,bill,2026-05-28,REFERRED TO TRANSPORTATION,2025-2026,committee,"{""committee"":""2026-05-28""}",[],https://legislation.nysenate.gov/api/3/bills/2025-2026/A11500?summary=&detail=,https://openstates.org/ny/bills/2025-2026/A11500/,2026-09-29,,ocd-bill/38e308ec-1f9e-45a8-96a9-5b6195249969,2026-05-29T14:28:44.677147+00:00
ny-a-3650-2025-2026,NY,A 3650,Relates to autonomous vehicle driving,Provides that a person may operate a fully autonomous vehicle on the public roads of this state without a human driver provided that the automated driving system is engaged and the vehicle meets certain conditions; defines terms; requires insurance and that such vehicle is registered as a fully autonomous vehicle; makes related provisions.,Provides that a person may operate a fully autonomous vehicle on the public roads of this state without a human driver provided that the automated driving system is engaged and the vehicle meets certain conditions; defines terms; requires insurance and that such vehicle is registered as a fully autonomous vehicle; makes related provisions,introduced,bill,2025-02-05,ENACTING CLAUSE STRICKEN,2025-2026,committee,"{""committee"":""2025-01-29""}",[],https://legislation.nysenate.gov/api/3/bills/2025-2026/A3650?summary=&detail=,https://openstates.org/ny/bills/2025-2026/A3650/,2026-09-29,,ocd-bill/f3418e5d-4e57-4b37-be2e-c2478804bc57,2026-03-18T10:58:37.753311+00:00
ny-a-4901-2025-2026,NY,A 4901,Relates to autonomous vehicle driving,Provides that a person may operate a fully autonomous vehicle on the public roads of this state without a human driver provided that the automated driving system is engaged and the vehicle meets certain conditions; defines terms; requires insurance and that such vehicle is registered as a fully autonomous vehicle; makes related provisions.,Provides that a person may operate a fully autonomous vehicle on the public roads of this state without a human driver provided that the automated driving system is engaged and the vehicle meets certain conditions; defines terms; requires insurance and that such vehicle is registered as a fully autonomous vehicle; makes related provisions,introduced,bill,2026-04-24,PRINT NUMBER 4901B,2025-2026,committee,"{""committee"":""2026-04-24""}",[],https://legislation.nysenate.gov/api/3/bills/2025-2026/A4901?summary=&detail=,https://openstates.org/ny/bills/2025-2026/A4901/,2026-09-29,,ocd-bill/acb10ba4-826e-46d8-9f29-749bfc985157,2026-05-07T02:52:08.850632+00:00
ny-a-6180-2025-2026,NY,A 6180,Excludes a production using artificial intelligence or autonomous vehicles in a manner which results in the displacement of employees from the definition of qualified film,Excludes a production using artificial intelligence or autonomous vehicles in a manner which results in the displacement of employees whose salaries are qualified expenses from the definition of qualified film for the purposes of the empire state film production credit.,Excludes a production using artificial intelligence or autonomous vehicles in a manner which results in the displacement of employees whose salaries are qualified expenses from the definition of qualified film for the purposes of the empire state film production credit,introduced,bill,2026-01-07,REFERRED TO WAYS AND MEANS,2025-2026,committee,"{""committee"":""2026-01-07""}",[],https://legislation.nysenate.gov/api/3/bills/2025-2026/A6180?summary=&detail=,https://openstates.org/ny/bills/2025-2026/A6180/,2026-09-29,,ocd-bill/853fc0c8-dd75-4bce-8cb3-4252321031c6,2026-03-18T10:34:21.080543+00:00
ny-a-728-2025-2026,NY,A 728,Relates to requiring the department of labor to conduct a study on the potential impact of driverless vehicles,Requires the department of labor to conduct a study on the potential impact of driverless vehicles on occupations and employment.,Requires the department of labor to conduct a study on the potential impact of driverless vehicles on occupations and employment,introduced,bill,2026-01-07,REFERRED TO LABOR,2025-2026,committee,"{""committee"":""2026-01-07""}",[],https://legislation.nysenate.gov/api/3/bills/2025-2026/A728?summary=&detail=,https://openstates.org/ny/bills/2025-2026/A728/,2026-09-29,,ocd-bill/43e44588-6ba7-44b3-9b55-d44636d905b7,2026-03-18T09:21:56.997484+00:00
ny-a-793-2025-2026,NY,A 793,Relates to the operation of autonomous taxicabs in N.Y. city,"Provides that no autonomous vehicle may be used for taxi, livery or transportation network company vehicle services in any city with a population of one million or more without first being licensed by the New York City taxi and limousine commission; requires the New York City taxi and limousine commission to establish a license for use of an autonomous vehicle as a taxicab and to promulgate rules regarding such license and the operation of autonomous taxicabs.","Provides that no autonomous vehicle may be used for taxi, livery or transportation network company vehicle services in any city with a population of one million or more without first being licensed by the New York City taxi and limousine commission; requires the New York City taxi and limousine commission to establish a license for use of an autono",introduced,bill,2026-01-07,REFERRED TO TRANSPORTATION,2025-2026,committee,"{""committee"":""2026-01-07""}",[],https://legislation.nysenate.gov/api/3/bills/2025-2026/A793?summary=&detail=,https://openstates.org/ny/bills/2025-2026/A793/,2026-09-29,,ocd-bill/2f06951b-d649-4c2f-91bb-8d65389cc442,2026-05-16T05:50:49.029583+00:00
ny-a-8109-2025-2026,NY,A 8109,Establishes the New York state autonomous vehicle task force,Establishes the New York state autonomous vehicle task force to study autonomous vehicle usage on the roads located within the state of New York.,Establishes the New York state autonomous vehicle task force to study autonomous vehicle usage on the roads located within the state of New York,introduced,bill,2026-01-07,REFERRED TO TRANSPORTATION,2025-2026,committee,"{""committee"":""2026-01-07""}",[],https://legislation.nysenate.gov/api/3/bills/2025-2026/A8109?summary=&detail=,https://openstates.org/ny/bills/2025-2026/A8109/,2026-09-29,,ocd-bill/13cfdb6e-b7eb-4d6e-bd42-41307e4be8a3,2026-03-18T09:51:23.635517+00:00
ny-s-10413-2025-2026,NY,S 10413,Relates to the operation of autonomous taxicabs in a city having a population of one million or more,"Provides that no autonomous vehicle may be used for taxi, livery or transportation network company vehicle services in any city with a population of one million or more without first being licensed by the New York City taxi and limousine commission; requires the New York City taxi and limousine commission to establish a license for use of an autonomous vehicle as a taxicab and to promulgate rules regarding such license and the operation of autonomous taxicabs.","Provides that no autonomous vehicle may be used for taxi, livery or transportation network company vehicle services in any city with a population of one million or more without first being licensed by the New York City taxi and limousine commission; requires the New York City taxi and limousine commission to establish a license for use of an autono",introduced,bill,2026-05-15,REFERRED TO TRANSPORTATION,2025-2026,committee,"{""committee"":""2026-05-15""}",[],https://legislation.nysenate.gov/api/3/bills/2025-2026/S10413?summary=&detail=,https://openstates.org/ny/bills/2025-2026/S10413/,2026-09-29,,ocd-bill/d73295c2-887f-4676-b802-2e1d9432e649,2026-05-16T06:58:13.550388+00:00
ny-s-10473-2025-2026,NY,S 10473,Relates to fully autonomous vehicles,"Authorizes the use of fully autonomous vehicles in Albany and Rensselaer counties until July 1, 2028; provides for operation, licensing, insurance, duties following crashes, on-demand autonomous vehicle networks, registration and titles, operation by human drivers, and related provisions.","Authorizes the use of fully autonomous vehicles in Albany and Rensselaer counties until July 1, 2028; provides for operation, licensing, insurance, duties following crashes, on-demand autonomous vehicle networks, registration and titles, operation by human drivers, and related provisions",introduced,bill,2026-05-15,REFERRED TO TRANSPORTATION,2025-2026,committee,"{""committee"":""2026-05-15""}",[],https://legislation.nysenate.gov/api/3/bills/2025-2026/S10473?summary=&detail=,https://openstates.org/ny/bills/2025-2026/S10473/,2026-09-29,,ocd-bill/b9086856-b880-4e26-beb1-7fdf764dc6ab,2026-05-29T14:15:56.844512+00:00
ny-s-2688-2025-2026,NY,S 2688,Relates to the operation of autonomous taxicabs in a city having a population of one million or more,"Provides that no autonomous vehicle may be used for taxi, livery or transportation network company vehicle services in any city with a population of one million or more without first being licensed by the New York City taxi and limousine commission; requires the New York City taxi and limousine commission to establish a license for use of an autonomous vehicle as a taxicab and to promulgate rules regarding such license and the operation of autonomous taxicabs.","Provides that no autonomous vehicle may be used for taxi, livery or transportation network company vehicle services in any city with a population of one million or more without first being licensed by the New York City taxi and limousine commission; requires the New York City taxi and limousine commission to establish a license for use of an autono",introduced,bill,2025-01-22,REFERRED TO TRANSPORTATION,2025-2026,committee,"{""committee"":""2025-01-22""}",[],https://legislation.nysenate.gov/api/3/bills/2025-2026/S2688?summary=&detail=,https://openstates.org/ny/bills/2025-2026/S2688/,2026-09-29,,ocd-bill/ca660689-6862-45c6-b88f-67a95ccb19fe,2026-03-18T09:35:25.968566+00:00
ny-s-344-2025-2026,NY,S 344,Relates to autonomous vehicle driving,Provides that a person may operate a fully autonomous vehicle on the public roads of this state without a human driver provided that the automated driving system is engaged and the vehicle meets certain conditions; defines terms; requires insurance and that such vehicle is registered as a fully autonomous vehicle; makes related provisions.,Provides that a person may operate a fully autonomous vehicle on the public roads of this state without a human driver provided that the automated driving system is engaged and the vehicle meets certain conditions; defines terms; requires insurance and that such vehicle is registered as a fully autonomous vehicle; makes related provisions,introduced,bill,2026-05-06,PRINT NUMBER 344B,2025-2026,committee,"{""committee"":""2026-05-06""}",[],https://legislation.nysenate.gov/api/3/bills/2025-2026/S344?summary=&detail=,https://openstates.org/ny/bills/2025-2026/S344/,2026-09-29,,ocd-bill/5bc6e3eb-604a-4328-a017-1b0bb39a29ef,2026-05-15T07:13:10.604800+00:00
ny-s-6751-2025-2026,NY,S 6751,Excludes a production using artificial intelligence or autonomous vehicles in a manner which results in the displacement of employees from the definition of qualified film,Excludes a production using artificial intelligence or autonomous vehicles in a manner which results in the displacement of employees whose salaries are qualified expenses from the definition of qualified film for the purposes of the empire state film production credit.,Excludes a production using artificial intelligence or autonomous vehicles in a manner which results in the displacement of employees whose salaries are qualified expenses from the definition of qualified film for the purposes of the empire state film production credit,introduced,bill,2026-01-07,REFERRED TO INVESTIGATIONS AND GOVERNMENT OPERATIONS,2025-2026,committee,"{""committee"":""2026-01-07""}",[],https://legislation.nysenate.gov/api/3/bills/2025-2026/S6751?summary=&detail=,https://openstates.org/ny/bills/2025-2026/S6751/,2026-09-29,,ocd-bill/43a93e40-f598-486e-8812-434135cc3306,2026-03-18T11:24:16.715416+00:00
ny-s-7956-2025-2026,NY,S 7956,Requires human safety operators for certain autonomous vehicles,Prohibits any motor vehicle with a manufacturers' gross vehicle weight rating of ten thousand one pounds or more which utilizes autonomous vehicle technology from being operated on public highways unless a natural person holding a valid license for the operation of the motor vehicle's class is present within such vehicle.,Prohibits any motor vehicle with a manufacturers' gross vehicle weight rating of ten thousand one pounds or more which utilizes autonomous vehicle technology from being operated on public highways unless a natural person holding a valid license for the operation of the motor vehicle's class is present within such vehicle,introduced,bill,2026-01-07,REFERRED TO TRANSPORTATION,2025-2026,committee,"{""committee"":""2026-01-07""}",[],https://legislation.nysenate.gov/api/3/bills/2025-2026/S7956?summary=&detail=,https://openstates.org/ny/bills/2025-2026/S7956/,2026-09-29,,ocd-bill/9f52f0f7-48f8-47bf-84c2-baf3d6f44d13,2026-03-18T09:08:44.729630+00:00
ny-s-9008-2025-2026,NY,S 9008,"Enacts into law major components of legislation necessary to implement the state transportation, economic development and environmental conservation budget for the 2026-2027 state fiscal year","Enacts into law major components of legislation necessary to implement the state transportation, economic development and environmental conservation budget for the 2026-2027 state fiscal year; extends provisions of law relating to increasing certain motor vehicle transaction fees (Part A); extends the accident prevention course internet technology pilot program (Part B); establishes a demonstration program in the city of New York for the installation and operation of intelligent speed assistance devices (Part D); extends provisions of law relating to motor vehicles equipped with autonomous vehicle technology (Part E); expands the automated work zone speed enforcement program utilizing photo ","Enacts into law major components of legislation necessary to implement the state transportation, economic development and environmental conservation budget for the 2026-2027 state fiscal year; extends provisions of law relating to increasing certain motor vehicle transaction fees (Part A); extends the accident prevention course internet technology ",introduced,bill,2026-05-26,SUBSTITUTED BY A10008C,2025-2026,committee,"{""committee"":""2026-05-25""}",[],https://legislation.nysenate.gov/api/3/bills/2025-2026/S9008?summary=&detail=,https://openstates.org/ny/bills/2025-2026/S9008/,2026-09-29,,ocd-bill/d395b3d7-36c8-4fa8-b0e8-031f41dc306b,2026-05-26T23:52:52.803038+00:00
or-hb-4085-2026r1,OR,HB 4085,Relating to autonomous vehicles.,Allows a person to operate an autonomous vehicle with the automated driving system engaged without a grant of driving privileges if certain conditions are met. Requires an automated driving system to be able to achieve a minimal risk condition or issue a request to intervene. Requires an autonomous vehicle to operate in compliance with state vehicle laws and comply with federal safety standards. Provides for exemptions. Allows the Department of Transportation to grant an autonomous vehicle that operates exclusively by an automated driving system and without an onboard driver an exemption to any state equipment requirement. Requires a person operating an autonomous vehicle that is involved in,Allows a person to operate an autonomous vehicle with the automated driving system engaged without a grant of driving privileges if certain conditions are met,introduced,bill,2026-03-07,In committee upon adjournment.,2026R1,committee,"{""introduced"":""2026-02-02"",""committee"":""2026-02-02""}",[],https://olis.oregonlegislature.gov/liz/2026R1/Measures/Overview/HB4085,https://openstates.org/or/bills/2026R1/HB4085/,2026-09-29,,ocd-bill/58ef7376-d690-42f7-bf20-600cd6a0073e,2026-03-17T20:53:57.400581+00:00
pa-hb-1639-2025-2026,PA,HB 1639,"An Act amending Title 75 (Vehicles) of the Pennsylvania Consolidated Statutes, in highly automated vehicles, further providing for certificate of compliance required.","An Act amending Title 75 (Vehicles) of the Pennsylvania Consolidated Statutes, in highly automated vehicles, further providing for certificate of compliance required.","An Act amending Title 75 (Vehicles) of the Pennsylvania Consolidated Statutes, in highly automated vehicles, further providing for certificate of compliance required",introduced,bill,2025-06-23,Referred to Transportation,2025-2026,committee,"{""committee"":""2025-06-23""}",[],https://www.palegis.us/legislation/bills/2025/hb1639,https://openstates.org/pa/bills/2025-2026/HB1639/,2026-09-29,,ocd-bill/e448f2f6-1c79-4aff-94ed-ab59d4f74617,2026-03-18T14:57:16.519681+00:00
pa-hb-2069-2025-2026,PA,HB 2069,"An Act amending Title 75 (Vehicles) of the Pennsylvania Consolidated Statutes, in general provisions relating to operation of vehicles, providing for automated vehicle noise enforcement systems; and imposing penalties.","An Act amending Title 75 (Vehicles) of the Pennsylvania Consolidated Statutes, in general provisions relating to operation of vehicles, providing for automated vehicle noise enforcement systems; and imposing penalties.","An Act amending Title 75 (Vehicles) of the Pennsylvania Consolidated Statutes, in general provisions relating to operation of vehicles, providing for automated vehicle noise enforcement systems; and imposing penalties",introduced,bill,2025-12-03,Referred to Transportation,2025-2026,committee,"{""committee"":""2025-12-03""}",[],https://www.palegis.us/legislation/bills/2025/hb2069,https://openstates.org/pa/bills/2025-2026/HB2069/,2026-09-29,,ocd-bill/a3079520-d610-4f17-9322-e372af5fc87f,2026-03-18T14:38:15.734946+00:00
pa-hr-563-2025-2026,PA,HR 563,A Resolution directing the Joint State Government Commission to conduct a study and issue a report on the impact driverless vehicles have on safety and the workforce.,A Resolution directing the Joint State Government Commission to conduct a study and issue a report on the impact driverless vehicles have on safety and the workforce.,A Resolution directing the Joint State Government Commission to conduct a study and issue a report on the impact driverless vehicles have on safety and the workforce,introduced,resolution,2026-06-10,Referred to Communications & Technology,2025-2026,committee,"{""committee"":""2026-06-10""}",[],https://www.palegis.us/legislation/bills/2025/hr563,https://openstates.org/pa/bills/2025-2026/HR563/,2026-09-29,,ocd-bill/3f084599-49a4-419a-9097-40cffb8f77cb,2026-06-11T01:46:59.119795+00:00
ut-hb-581-2026,UT,HB 581,Autonomous Vehicle Amendments,Autonomous Vehicle Amendments,Autonomous Vehicle Amendments,passed,bill,2026-03-07,House/ filed,2026,passed_legislature,"{""committee"":""2026-03-02"",""passed_legislature"":""2026-03-04""}",[],https://le.utah.gov/~2026/bills/static/HB0581.html,https://openstates.org/ut/bills/2026/HB581/,2026-09-29,,ocd-bill/282b7aed-0f65-40c7-a120-9c2a559e67ab,2026-07-09T15:24:35.575309+00:00
ut-sb-292-2026,UT,SB 292,Autonomous Systems Amendments,Autonomous Systems Amendments,Autonomous Systems Amendments,enacted,bill,2026-03-23,Governor Signed,2026,law,"{""committee"":""2026-03-04"",""passed_legislature"":""2026-03-07"",""executive"":""2026-03-23""}",[],https://le.utah.gov/~2026/bills/static/SB0292.html,https://openstates.org/ut/bills/2026/SB292/,2026-09-29,,ocd-bill/beab47ee-fa53-4916-85e1-e4b25d9d52ec,2026-07-09T15:13:48.232873+00:00
va-hb-1124-2026,VA,HB 1124,"Autonomous vehicles; work group to conduct and assessment of workforce impacts, etc.","Autonomous driving systems; work group convened by the Secretary of Transportation; certain assessments and stakeholders. Directs the existing work group convened by the Secretary of Transportation regarding autonomous driving systems to (i) conduct an assessment of the workforce impacts created by autonomous vehicles, including an overview of job losses and gains; (ii) identify and include stakeholders and representatives from the auto manufacturing industry and labor representatives from the passenger and product carrier business; and (iii) conduct an assessment of labor impacts created by autonomous vehicles no later than November 1, 2026.",Autonomous driving systems; work group convened by the Secretary of Transportation; certain assessments and stakeholders,enacted,bill,2026-04-13,Approved by Governor-Chapter 738 (effective 7/1/2026),2026,law,"{""introduced"":""2026-01-14"",""committee"":""2026-02-17"",""passed_legislature"":""2026-03-31"",""executive"":""2026-04-13""}",[],https://lis.virginia.gov/bill-details/20261/HB1124,https://openstates.org/va/bills/2026/HB1124/,2026-09-29,,ocd-bill/ba6cf3ea-99d0-4e29-a453-2dd201b24204,2026-04-14T20:29:27.255169+00:00
va-hb-1125-2026,VA,HB 1125,"Automated driving systems; requirements for operation, civil penalties, report.","Automated driving systems; civil penalties; work group; report. Provides requirements for the  operation of fully autonomous vehicles and motor vehicles operated with an  automated driving system engaged. The bill requires fully autonomous vehicles  and automated driving systems operated in the Commonwealth to receive  autonomous operation licenses prior to being operated in the Commonwealth. The  bill provides requirements regarding geofences and requirements for providers,  as those terms are defined in the bill. The bill also prohibits localities from  prohibiting the operation of fully autonomous vehicles or motor vehicles  operated with an automated driving system. The bill establishes ",Automated driving systems; civil penalties; work group; report,introduced,bill,2026-02-18,Left in Committee Transportation,2026,committee,"{""introduced"":""2026-01-14"",""committee"":""2026-01-29""}",[],https://lis.virginia.gov/bill-details/20261/HB1125,https://openstates.org/va/bills/2026/HB1125/,2026-09-29,,ocd-bill/0e880753-08af-48c3-ac7e-e824aa023b42,2026-03-18T08:35:37.974953+00:00
va-sb-670-2026,VA,SB 670,"Fully autonomous vehicles; commercial use, civil penalty.",Commercial use of fully autonomous vehicles. Provides requirements for the operation of fully autonomous vehicles operated to transport property or passengers in furtherance of a commercial enterprise. The bill requires persons operating such fully autonomous vehicles to receive autonomous operation licenses prior to such operation in the Commonwealth.,Commercial use of fully autonomous vehicles,passed,bill,2026-03-09,Fiscal Impact statement From VCSC (3/9/2026 10:38 am),2026,passed_legislature,"{""introduced"":""2026-01-14"",""committee"":""2026-02-20"",""passed_legislature"":""2026-02-12""}",[],https://lis.virginia.gov/bill-details/20261/SB670,https://openstates.org/va/bills/2026/SB670/,2026-09-29,,ocd-bill/c1f332fa-a8a1-4bea-9521-80b75f26f867,2026-03-17T22:15:33.564702+00:00
