state,agency,company,permit_type_raw,permit_type_normalized,permit_id,approved_locations,source_url,captured_at,source_category
CA,California DMV,AIMOTIVE INC.,Testing with a Driver,testing_with_driver,,Any public road in California,https://www.dmv.ca.gov/portal/vehicle-industry-services/autonomous-vehicles/autonomous-vehicle-testing-permit-holders/,2026-09-17,permit
CA,California DMV,AUDI OF AMERICA,Testing with a Driver,testing_with_driver,,Any public road in California,https://www.dmv.ca.gov/portal/vehicle-industry-services/autonomous-vehicles/autonomous-vehicle-testing-permit-holders/,2026-09-17,permit
CA,California DMV,"AURORA OPERATIONS, INC.",Testing with a Driver,testing_with_driver,,Any public road in California,https://www.dmv.ca.gov/portal/vehicle-industry-services/autonomous-vehicles/autonomous-vehicle-testing-permit-holders/,2026-09-17,permit
CA,California DMV,AutoMo USA LLC,Testing with a Driver,testing_with_driver,,Any public road in California,https://www.dmv.ca.gov/portal/vehicle-industry-services/autonomous-vehicles/autonomous-vehicle-testing-permit-holders/,2026-09-17,permit
CA,California DMV,GATIK AI INC.,Testing with a Driver,testing_with_driver,,Any public road in California,https://www.dmv.ca.gov/portal/vehicle-industry-services/autonomous-vehicles/autonomous-vehicle-testing-permit-holders/,2026-09-17,permit
CA,California DMV,HELM.AI INC.,Testing with a Driver,testing_with_driver,,Any public road in California,https://www.dmv.ca.gov/portal/vehicle-industry-services/autonomous-vehicles/autonomous-vehicle-testing-permit-holders/,2026-09-17,permit
CA,California DMV,IMAGRY INC.,Testing with a Driver,testing_with_driver,,Any public road in California,https://www.dmv.ca.gov/portal/vehicle-industry-services/autonomous-vehicles/autonomous-vehicle-testing-permit-holders/,2026-09-17,permit
CA,California DMV,KODIAK AI,Testing with a Driver,testing_with_driver,,Any public road in California,https://www.dmv.ca.gov/portal/vehicle-industry-services/autonomous-vehicles/autonomous-vehicle-testing-permit-holders/,2026-09-17,permit
CA,California DMV,MAY MOBILITY,Testing with a Driver,testing_with_driver,,Any public road in California,https://www.dmv.ca.gov/portal/vehicle-industry-services/autonomous-vehicles/autonomous-vehicle-testing-permit-holders/,2026-09-17,permit
CA,California DMV,MERCEDES-BENZ RESEARCH & DEVELOPMENT NORTH AMERICA,Testing with a Driver,testing_with_driver,,Any public road in California,https://www.dmv.ca.gov/portal/vehicle-industry-services/autonomous-vehicles/autonomous-vehicle-testing-permit-holders/,2026-09-17,permit
CA,California DMV,MOIA America,Testing with a Driver,testing_with_driver,,Any public road in California,https://www.dmv.ca.gov/portal/vehicle-industry-services/autonomous-vehicles/autonomous-vehicle-testing-permit-holders/,2026-09-17,permit
CA,California DMV,NISSAN,Testing with a Driver,testing_with_driver,,Any public road in California,https://www.dmv.ca.gov/portal/vehicle-industry-services/autonomous-vehicles/autonomous-vehicle-testing-permit-holders/,2026-09-17,permit
CA,California DMV,"NURO, INC.",Testing with a Driver,testing_with_driver,,Any public road in California,https://www.dmv.ca.gov/portal/vehicle-industry-services/autonomous-vehicles/autonomous-vehicle-testing-permit-holders/,2026-09-17,permit
CA,California DMV,NVIDIA CORPORATION,Testing with a Driver,testing_with_driver,,Any public road in California,https://www.dmv.ca.gov/portal/vehicle-industry-services/autonomous-vehicles/autonomous-vehicle-testing-permit-holders/,2026-09-17,permit
CA,California DMV,OHMIO INC.,Testing with a Driver,testing_with_driver,,Any public road in California,https://www.dmv.ca.gov/portal/vehicle-industry-services/autonomous-vehicles/autonomous-vehicle-testing-permit-holders/,2026-09-17,permit
CA,California DMV,"PLUSAI, INC.",Testing with a Driver,testing_with_driver,,Any public road in California,https://www.dmv.ca.gov/portal/vehicle-industry-services/autonomous-vehicles/autonomous-vehicle-testing-permit-holders/,2026-09-17,permit
CA,California DMV,PONY.AI,Testing with a Driver,testing_with_driver,,Any public road in California,https://www.dmv.ca.gov/portal/vehicle-industry-services/autonomous-vehicles/autonomous-vehicle-testing-permit-holders/,2026-09-17,permit
CA,California DMV,"QUALCOMM TECHNOLOGIES, INC.",Testing with a Driver,testing_with_driver,,Any public road in California,https://www.dmv.ca.gov/portal/vehicle-industry-services/autonomous-vehicles/autonomous-vehicle-testing-permit-holders/,2026-09-17,permit
CA,California DMV,"TELENAV, INC.",Testing with a Driver,testing_with_driver,,Any public road in California,https://www.dmv.ca.gov/portal/vehicle-industry-services/autonomous-vehicles/autonomous-vehicle-testing-permit-holders/,2026-09-17,permit
CA,California DMV,TENSOR AUTO INC.,Testing with a Driver,testing_with_driver,,Any public road in California,https://www.dmv.ca.gov/portal/vehicle-industry-services/autonomous-vehicles/autonomous-vehicle-testing-permit-holders/,2026-09-17,permit
CA,California DMV,TESLA ROBOTAXI LLC,Testing with a Driver,testing_with_driver,,Any public road in California,https://www.dmv.ca.gov/portal/vehicle-industry-services/autonomous-vehicles/autonomous-vehicle-testing-permit-holders/,2026-09-17,permit
CA,California DMV,"VUERON TECHNOLOGY USA, INC.",Testing with a Driver,testing_with_driver,,Any public road in California,https://www.dmv.ca.gov/portal/vehicle-industry-services/autonomous-vehicles/autonomous-vehicle-testing-permit-holders/,2026-09-17,permit
CA,California DMV,WAYMO LLC,Testing with a Driver,testing_with_driver,,Any public road in California,https://www.dmv.ca.gov/portal/vehicle-industry-services/autonomous-vehicles/autonomous-vehicle-testing-permit-holders/,2026-09-17,permit
CA,California DMV,WeRide AI,Testing with a Driver,testing_with_driver,,Any public road in California,https://www.dmv.ca.gov/portal/vehicle-industry-services/autonomous-vehicles/autonomous-vehicle-testing-permit-holders/,2026-09-17,permit
CA,California DMV,WOVEN BY TOYOTA,Testing with a Driver,testing_with_driver,,Any public road in California,https://www.dmv.ca.gov/portal/vehicle-industry-services/autonomous-vehicles/autonomous-vehicle-testing-permit-holders/,2026-09-17,permit
CA,California DMV,ZOOX INC.,Testing with a Driver,testing_with_driver,,Any public road in California,https://www.dmv.ca.gov/portal/vehicle-industry-services/autonomous-vehicles/autonomous-vehicle-testing-permit-holders/,2026-09-17,permit
CA,California DMV,AutoMo USA LLC,Driverless Testing,driverless_testing,,"San Francisco (Downtown, Potrero Hill, Presidio Heights, Richmond, Sunset); Sunnyvale (north of CA-82)",https://www.dmv.ca.gov/portal/vehicle-industry-services/autonomous-vehicles/autonomous-vehicle-testing-permit-holders/,2026-04-03,permit
CA,California DMV,Nuro,Driverless Testing,driverless_testing,,Santa Clara and San Mateo Counties,https://www.dmv.ca.gov/portal/vehicle-industry-services/autonomous-vehicles/autonomous-vehicle-testing-permit-holders/,2026-04-03,permit
CA,California DMV,Tensor Auto Inc.,Driverless Testing,driverless_testing,,San Jose,https://www.dmv.ca.gov/portal/vehicle-industry-services/autonomous-vehicles/autonomous-vehicle-testing-permit-holders/,2026-04-03,permit
CA,California DMV,Waymo LLC,Driverless Testing,driverless_testing,,See DMV site for full approved-locations detail,https://www.dmv.ca.gov/portal/vehicle-industry-services/autonomous-vehicles/autonomous-vehicle-testing-permit-holders/,2026-04-03,permit
CA,California DMV,WeRide AI,Driverless Testing,driverless_testing,,"San Jose, Santa Clara",https://www.dmv.ca.gov/portal/vehicle-industry-services/autonomous-vehicles/autonomous-vehicle-testing-permit-holders/,2026-04-03,permit
CA,California DMV,Zoox Inc.,Driverless Testing,driverless_testing,,"Foster City, San Francisco",https://www.dmv.ca.gov/portal/vehicle-industry-services/autonomous-vehicles/autonomous-vehicle-testing-permit-holders/,2026-04-03,permit
CA,California DMV,Mercedes-Benz Research & Development North America,Deployment,deployment,,"CA freeways/highways: Bay Area, Los Angeles, Sacramento, San Diego; I-5; I-15 (LA to Nevada)",https://www.dmv.ca.gov/portal/vehicle-industry-services/autonomous-vehicles/autonomous-vehicle-testing-permit-holders/,2025-11-21,permit
CA,California DMV,Nuro Inc.,Deployment,deployment,,"San Mateo County, Santa Clara County",https://www.dmv.ca.gov/portal/vehicle-industry-services/autonomous-vehicles/autonomous-vehicle-testing-permit-holders/,2025-11-21,permit
CA,California DMV,Waymo LLC,Deployment,deployment,,See DMV site for full approved-locations detail,https://www.dmv.ca.gov/portal/vehicle-industry-services/autonomous-vehicles/autonomous-vehicle-testing-permit-holders/,2025-11-21,permit
CA,CPUC,"Nuro, Inc.",Drivered Pilot,testing_with_driver,TCP 47827,,https://www.cpuc.ca.gov/regulatory-services/licensing/transportation-licensing-and-analysis-branch/autonomous-vehicle-programs/autonomous-vehicle-program-permits-issued,2026-09-22,permit
CA,CPUC,Tensor Auto Inc.,Drivered Pilot,testing_with_driver,TCP 38539,,https://www.cpuc.ca.gov/regulatory-services/licensing/transportation-licensing-and-analysis-branch/autonomous-vehicle-programs/autonomous-vehicle-program-permits-issued,2026-09-22,permit
CA,CPUC,Waymo LLC,Drivered Deployment,drivered_deployment,TCP 38152,,https://www.cpuc.ca.gov/regulatory-services/licensing/transportation-licensing-and-analysis-branch/autonomous-vehicle-programs/autonomous-vehicle-program-permits-issued,2026-09-22,permit
CA,CPUC,Waymo LLC,Driverless Pilot,driverless_testing,TCP 38152,,https://www.cpuc.ca.gov/regulatory-services/licensing/transportation-licensing-and-analysis-branch/autonomous-vehicle-programs/autonomous-vehicle-program-permits-issued,2026-09-22,permit
CA,CPUC,Waymo LLC,Drivered Pilot,testing_with_driver,TCP 38152,,https://www.cpuc.ca.gov/regulatory-services/licensing/transportation-licensing-and-analysis-branch/autonomous-vehicle-programs/autonomous-vehicle-program-permits-issued,2026-09-22,permit
CA,CPUC,Waymo LLC,Driverless Deployment,driverless_deployment,TCP 38152,,https://www.cpuc.ca.gov/regulatory-services/licensing/transportation-licensing-and-analysis-branch/autonomous-vehicle-programs/autonomous-vehicle-program-permits-issued,2026-09-22,permit
CA,CPUC,WeRide Corp.,Drivered Pilot,testing_with_driver,TCP 45411,,https://www.cpuc.ca.gov/regulatory-services/licensing/transportation-licensing-and-analysis-branch/autonomous-vehicle-programs/autonomous-vehicle-program-permits-issued,2026-09-22,permit
CA,CPUC,WeRide Corp.,Driverless Pilot,driverless_testing,TCP 45411,,https://www.cpuc.ca.gov/regulatory-services/licensing/transportation-licensing-and-analysis-branch/autonomous-vehicle-programs/autonomous-vehicle-program-permits-issued,2026-09-22,permit
CA,CPUC,"Zoox, Inc.",Drivered Pilot,testing_with_driver,TCP 38380,,https://www.cpuc.ca.gov/regulatory-services/licensing/transportation-licensing-and-analysis-branch/autonomous-vehicle-programs/autonomous-vehicle-program-permits-issued,2026-09-22,permit
CA,CPUC,"Zoox, Inc.",Driverless Pilot,driverless_testing,TCP 38380,,https://www.cpuc.ca.gov/regulatory-services/licensing/transportation-licensing-and-analysis-branch/autonomous-vehicle-programs/autonomous-vehicle-program-permits-issued,2026-09-22,permit
MA,MassDOT,Motional,Approved ADS Tester,testing_registry,,,https://www.mass.gov/lists/automated-driving-systems-in-massachusetts-documents-and-reports,2024-06-30,permit
MA,MassDOT,Optimus Ride,Approved ADS Tester,testing_registry,,,https://www.mass.gov/lists/automated-driving-systems-in-massachusetts-documents-and-reports,2021-09-30,permit
WA,Washington DOL,NVIDIA,Self-Certified AV Tester,testing_registry,,,https://dol.wa.gov/media/pdf/3608/2024-autonomous-vehicle-reportpdf/download,2024-12-01,permit
WA,Washington DOL,Waymo,Self-Certified AV Tester,testing_registry,,,https://dol.wa.gov/media/pdf/3608/2024-autonomous-vehicle-reportpdf/download,2024-12-01,permit
WA,Washington DOL,Zoox,Self-Certified AV Tester,testing_registry,,,https://dol.wa.gov/media/pdf/3608/2024-autonomous-vehicle-reportpdf/download,2024-12-01,permit
AZ,Arizona DOT,Aurora,Submitted to Test/Operate (driver presence not specified by roster),testing_registry,,,https://azdot.gov/mvd/services/professional-services/autonomous-vehicles-testing-and-operating-state-arizona,2026-09-22,permit
AZ,Arizona DOT,Beep,Submitted to Test/Operate (driver presence not specified by roster),testing_registry,,,https://azdot.gov/mvd/services/professional-services/autonomous-vehicles-testing-and-operating-state-arizona,2026-09-22,permit
AZ,Arizona DOT,Cruise,Submitted to Test/Operate (driver presence not specified by roster),testing_registry,,,https://azdot.gov/mvd/services/professional-services/autonomous-vehicles-testing-and-operating-state-arizona,2026-09-22,permit
AZ,Arizona DOT,Gatik,Submitted to Test/Operate (driver presence not specified by roster),testing_registry,,,https://azdot.gov/mvd/services/professional-services/autonomous-vehicles-testing-and-operating-state-arizona,2026-09-22,permit
AZ,Arizona DOT,May Mobility,Submitted to Test/Operate (driver presence not specified by roster),testing_registry,,,https://azdot.gov/mvd/services/professional-services/autonomous-vehicles-testing-and-operating-state-arizona,2026-09-22,permit
AZ,Arizona DOT,Nikola,Submitted to Test/Operate (driver presence not specified by roster),testing_registry,,,https://azdot.gov/mvd/services/professional-services/autonomous-vehicles-testing-and-operating-state-arizona,2026-09-22,permit
AZ,Arizona DOT,Pony.ai,Submitted to Test/Operate (driver presence not specified by roster),testing_registry,,,https://azdot.gov/mvd/services/professional-services/autonomous-vehicles-testing-and-operating-state-arizona,2026-09-22,permit
AZ,Arizona DOT,Nuro,Submitted to Test/Operate (driver presence not specified by roster),testing_registry,,,https://azdot.gov/mvd/services/professional-services/autonomous-vehicles-testing-and-operating-state-arizona,2026-09-22,permit
AZ,Arizona DOT,Stack,Submitted to Test/Operate (driver presence not specified by roster),testing_registry,,,https://azdot.gov/mvd/services/professional-services/autonomous-vehicles-testing-and-operating-state-arizona,2026-09-22,permit
AZ,Arizona DOT,Tesla,Submitted to Test/Operate (driver presence not specified by roster),testing_registry,,,https://azdot.gov/mvd/services/professional-services/autonomous-vehicles-testing-and-operating-state-arizona,2026-09-22,permit
AZ,Arizona DOT,Torc,Submitted to Test/Operate (driver presence not specified by roster),testing_registry,,,https://azdot.gov/mvd/services/professional-services/autonomous-vehicles-testing-and-operating-state-arizona,2026-09-22,permit
AZ,Arizona DOT,Waabi,Submitted to Test/Operate (driver presence not specified by roster),testing_registry,,,https://azdot.gov/mvd/services/professional-services/autonomous-vehicles-testing-and-operating-state-arizona,2026-09-22,permit
AZ,Arizona DOT,Waymo,Submitted to Test/Operate (driver presence not specified by roster),testing_registry,,,https://azdot.gov/mvd/services/professional-services/autonomous-vehicles-testing-and-operating-state-arizona,2026-09-22,permit
US,NHTSA,Apple,Active VSSA on file,federal_disclosure,,,https://www.nhtsa.gov/automated-driving-systems/voluntary-safety-self-assessment,2026-09-22,permit
US,NHTSA,Aurora,Active VSSA on file,federal_disclosure,,,https://www.nhtsa.gov/automated-driving-systems/voluntary-safety-self-assessment,2026-09-22,permit
US,NHTSA,Autonomous a2z,Active VSSA on file,federal_disclosure,,,https://www.nhtsa.gov/automated-driving-systems/voluntary-safety-self-assessment,2026-09-22,permit
US,NHTSA,EasyMile,Active VSSA on file,federal_disclosure,,,https://www.nhtsa.gov/automated-driving-systems/voluntary-safety-self-assessment,2026-09-22,permit
US,NHTSA,Ford,Active VSSA on file,federal_disclosure,,,https://www.nhtsa.gov/automated-driving-systems/voluntary-safety-self-assessment,2026-09-22,permit
US,NHTSA,GM,Active VSSA on file,federal_disclosure,,,https://www.nhtsa.gov/automated-driving-systems/voluntary-safety-self-assessment,2026-09-22,permit
US,NHTSA,Ike,Active VSSA on file,federal_disclosure,,,https://www.nhtsa.gov/automated-driving-systems/voluntary-safety-self-assessment,2026-09-22,permit
US,NHTSA,Kodiak,Active VSSA on file,federal_disclosure,,,https://www.nhtsa.gov/automated-driving-systems/voluntary-safety-self-assessment,2026-09-22,permit
US,NHTSA,Mars Auto,Active VSSA on file,federal_disclosure,,,https://www.nhtsa.gov/automated-driving-systems/voluntary-safety-self-assessment,2026-09-22,permit
US,NHTSA,May Mobility,Active VSSA on file,federal_disclosure,,,https://www.nhtsa.gov/automated-driving-systems/voluntary-safety-self-assessment,2026-09-22,permit
US,NHTSA,Mercedes Benz L3,Active VSSA on file,federal_disclosure,,,https://www.nhtsa.gov/automated-driving-systems/voluntary-safety-self-assessment,2026-09-22,permit
US,NHTSA,Motional,Active VSSA on file,federal_disclosure,,,https://www.nhtsa.gov/automated-driving-systems/voluntary-safety-self-assessment,2026-09-22,permit
US,NHTSA,Navya,Active VSSA on file,federal_disclosure,,,https://www.nhtsa.gov/automated-driving-systems/voluntary-safety-self-assessment,2026-09-22,permit
US,NHTSA,Nuro,Active VSSA on file,federal_disclosure,,,https://www.nhtsa.gov/automated-driving-systems/voluntary-safety-self-assessment,2026-09-22,permit
US,NHTSA,Nvidia,Active VSSA on file,federal_disclosure,,,https://www.nhtsa.gov/automated-driving-systems/voluntary-safety-self-assessment,2026-09-22,permit
US,NHTSA,Plus,Active VSSA on file,federal_disclosure,,,https://www.nhtsa.gov/automated-driving-systems/voluntary-safety-self-assessment,2026-09-22,permit
US,NHTSA,Pony.ai,Active VSSA on file,federal_disclosure,,,https://www.nhtsa.gov/automated-driving-systems/voluntary-safety-self-assessment,2026-09-22,permit
US,NHTSA,Stack AV,Active VSSA on file,federal_disclosure,,,https://www.nhtsa.gov/automated-driving-systems/voluntary-safety-self-assessment,2026-09-22,permit
US,NHTSA,Torc Robotics,Active VSSA on file,federal_disclosure,,,https://www.nhtsa.gov/automated-driving-systems/voluntary-safety-self-assessment,2026-09-22,permit
US,NHTSA,Volkswagen,Active VSSA on file,federal_disclosure,,,https://www.nhtsa.gov/automated-driving-systems/voluntary-safety-self-assessment,2026-09-22,permit
US,NHTSA,Waabi,Active VSSA on file,federal_disclosure,,,https://www.nhtsa.gov/automated-driving-systems/voluntary-safety-self-assessment,2026-09-22,permit
US,NHTSA,Waymo,Active VSSA on file,federal_disclosure,,,https://www.nhtsa.gov/automated-driving-systems/voluntary-safety-self-assessment,2026-09-22,permit
US,NHTSA,WeRide,Active VSSA on file,federal_disclosure,,,https://www.nhtsa.gov/automated-driving-systems/voluntary-safety-self-assessment,2026-09-22,permit
US,NHTSA,Zoox,Active VSSA on file,federal_disclosure,,,https://www.nhtsa.gov/automated-driving-systems/voluntary-safety-self-assessment,2026-09-22,permit
US,NHTSA,Argo AI,VSSA removed (no longer active),federal_disclosure,,,https://www.nhtsa.gov/automated-driving-systems/voluntary-safety-self-assessment,2026-09-22,permit
US,NHTSA,AutoX,VSSA removed (no longer active),federal_disclosure,,,https://www.nhtsa.gov/automated-driving-systems/voluntary-safety-self-assessment,2026-09-22,permit
US,NHTSA,Local Motors,VSSA removed (no longer active),federal_disclosure,,,https://www.nhtsa.gov/automated-driving-systems/voluntary-safety-self-assessment,2026-09-22,permit
US,NHTSA,Locomation,VSSA removed (no longer active),federal_disclosure,,,https://www.nhtsa.gov/automated-driving-systems/voluntary-safety-self-assessment,2026-09-22,permit
US,NHTSA,Lyft,VSSA removed (no longer active),federal_disclosure,,,https://www.nhtsa.gov/automated-driving-systems/voluntary-safety-self-assessment,2026-09-22,permit
US,NHTSA,Robomart,VSSA removed (no longer active),federal_disclosure,,,https://www.nhtsa.gov/automated-driving-systems/voluntary-safety-self-assessment,2026-09-22,permit
US,NHTSA,TuSimple,VSSA removed (no longer active),federal_disclosure,,,https://www.nhtsa.gov/automated-driving-systems/voluntary-safety-self-assessment,2026-09-22,permit
US,NHTSA,Starsky Robotics,VSSA removed (no longer active),federal_disclosure,,,https://www.nhtsa.gov/automated-driving-systems/voluntary-safety-self-assessment,2026-09-22,permit
US,NHTSA,Uber,VSSA removed (no longer active),federal_disclosure,,,https://www.nhtsa.gov/automated-driving-systems/voluntary-safety-self-assessment,2026-09-22,permit
NV,NHTSA SGO (incident filing evidence),Ambarella,Historical operational evidence — latest reported incident,federal_disclosure,,,https://www.nhtsa.gov/standing-general-order-crash-reporting,2023-12-01,operational_evidence
CA,NHTSA SGO (incident filing evidence),Apollo Autonomous Driving USA,Historical operational evidence — latest reported incident,federal_disclosure,,,https://www.nhtsa.gov/standing-general-order-crash-reporting,2023-10-01,operational_evidence
CA,NHTSA SGO (incident filing evidence),Apple Inc.,Historical operational evidence — latest reported incident,federal_disclosure,,,https://www.nhtsa.gov/standing-general-order-crash-reporting,2023-09-01,operational_evidence
CA,NHTSA SGO (incident filing evidence),Argo AI,Historical operational evidence — latest reported incident,federal_disclosure,,,https://www.nhtsa.gov/standing-general-order-crash-reporting,2022-09-01,operational_evidence
DC,NHTSA SGO (incident filing evidence),Argo AI,Historical operational evidence — latest reported incident,federal_disclosure,,,https://www.nhtsa.gov/standing-general-order-crash-reporting,2022-05-01,operational_evidence
FL,NHTSA SGO (incident filing evidence),Argo AI,Historical operational evidence — latest reported incident,federal_disclosure,,,https://www.nhtsa.gov/standing-general-order-crash-reporting,2022-09-01,operational_evidence
PA,NHTSA SGO (incident filing evidence),Argo AI,Historical operational evidence — latest reported incident,federal_disclosure,,,https://www.nhtsa.gov/standing-general-order-crash-reporting,2022-06-01,operational_evidence
TX,NHTSA SGO (incident filing evidence),Argo AI,Historical operational evidence — latest reported incident,federal_disclosure,,,https://www.nhtsa.gov/standing-general-order-crash-reporting,2022-10-01,operational_evidence
NM,NHTSA SGO (incident filing evidence),"Aurora Operations, Inc.",Historical operational evidence — latest reported incident,federal_disclosure,,,https://www.nhtsa.gov/standing-general-order-crash-reporting,2026-07-01,operational_evidence
TX,NHTSA SGO (incident filing evidence),"Aurora Operations, Inc.",Historical operational evidence — latest reported incident,federal_disclosure,,,https://www.nhtsa.gov/standing-general-order-crash-reporting,2026-07-01,operational_evidence
CA,NHTSA SGO (incident filing evidence),AutoX Technologies Inc,Historical operational evidence — latest reported incident,federal_disclosure,,,https://www.nhtsa.gov/standing-general-order-crash-reporting,2025-02-01,operational_evidence
TX,NHTSA SGO (incident filing evidence),Avride Inc.,Historical operational evidence — latest reported incident,federal_disclosure,,,https://www.nhtsa.gov/standing-general-order-crash-reporting,2026-07-01,operational_evidence
CA,NHTSA SGO (incident filing evidence),"Beep, Inc.",Historical operational evidence — latest reported incident,federal_disclosure,,,https://www.nhtsa.gov/standing-general-order-crash-reporting,2023-08-01,operational_evidence
DC,NHTSA SGO (incident filing evidence),"Beep, Inc.",Historical operational evidence — latest reported incident,federal_disclosure,,,https://www.nhtsa.gov/standing-general-order-crash-reporting,2026-01-01,operational_evidence
FL,NHTSA SGO (incident filing evidence),"Beep, Inc.",Historical operational evidence — latest reported incident,federal_disclosure,,,https://www.nhtsa.gov/standing-general-order-crash-reporting,2025-11-01,operational_evidence
MS,NHTSA SGO (incident filing evidence),"Beep, Inc.",Historical operational evidence — latest reported incident,federal_disclosure,,,https://www.nhtsa.gov/standing-general-order-crash-reporting,2024-10-01,operational_evidence
WY,NHTSA SGO (incident filing evidence),"Beep, Inc.",Historical operational evidence — latest reported incident,federal_disclosure,,,https://www.nhtsa.gov/standing-general-order-crash-reporting,2021-08-01,operational_evidence
MI,NHTSA SGO (incident filing evidence),"Chrysler (FCA US, LLC)",Historical operational evidence — latest reported incident,federal_disclosure,,,https://www.nhtsa.gov/standing-general-order-crash-reporting,2022-04-01,operational_evidence
AZ,NHTSA SGO (incident filing evidence),Cruise LLC,Historical operational evidence — latest reported incident,federal_disclosure,,,https://www.nhtsa.gov/standing-general-order-crash-reporting,2024-06-01,operational_evidence
CA,NHTSA SGO (incident filing evidence),Cruise LLC,Historical operational evidence — latest reported incident,federal_disclosure,,,https://www.nhtsa.gov/standing-general-order-crash-reporting,2023-10-01,operational_evidence
TX,NHTSA SGO (incident filing evidence),Cruise LLC,Historical operational evidence — latest reported incident,federal_disclosure,,,https://www.nhtsa.gov/standing-general-order-crash-reporting,2024-11-01,operational_evidence
NM,NHTSA SGO (incident filing evidence),"Daimler Trucks North America, LLC",Historical operational evidence — latest reported incident,federal_disclosure,,,https://www.nhtsa.gov/standing-general-order-crash-reporting,2022-07-01,operational_evidence
TX,NHTSA SGO (incident filing evidence),"Daimler Trucks North America, LLC",Historical operational evidence — latest reported incident,federal_disclosure,,,https://www.nhtsa.gov/standing-general-order-crash-reporting,2023-12-01,operational_evidence
CO,NHTSA SGO (incident filing evidence),Easymile Inc.,Historical operational evidence — latest reported incident,federal_disclosure,,,https://www.nhtsa.gov/standing-general-order-crash-reporting,2021-10-01,operational_evidence
MN,NHTSA SGO (incident filing evidence),Easymile Inc.,Historical operational evidence — latest reported incident,federal_disclosure,,,https://www.nhtsa.gov/standing-general-order-crash-reporting,2022-08-01,operational_evidence
MN,NHTSA SGO (incident filing evidence),First Transit,Historical operational evidence — latest reported incident,federal_disclosure,,,https://www.nhtsa.gov/standing-general-order-crash-reporting,2022-08-01,operational_evidence
CA,NHTSA SGO (incident filing evidence),Ford Motor Company,Historical operational evidence — latest reported incident,federal_disclosure,,,https://www.nhtsa.gov/standing-general-order-crash-reporting,2022-09-01,operational_evidence
DC,NHTSA SGO (incident filing evidence),Ford Motor Company,Historical operational evidence — latest reported incident,federal_disclosure,,,https://www.nhtsa.gov/standing-general-order-crash-reporting,2022-05-01,operational_evidence
FL,NHTSA SGO (incident filing evidence),Ford Motor Company,Historical operational evidence — latest reported incident,federal_disclosure,,,https://www.nhtsa.gov/standing-general-order-crash-reporting,2022-09-01,operational_evidence
PA,NHTSA SGO (incident filing evidence),Ford Motor Company,Historical operational evidence — latest reported incident,federal_disclosure,,,https://www.nhtsa.gov/standing-general-order-crash-reporting,2022-06-01,operational_evidence
TX,NHTSA SGO (incident filing evidence),Ford Motor Company,Historical operational evidence — latest reported incident,federal_disclosure,,,https://www.nhtsa.gov/standing-general-order-crash-reporting,2022-10-01,operational_evidence
AR,NHTSA SGO (incident filing evidence),Gatik AI Inc.,Historical operational evidence — latest reported incident,federal_disclosure,,,https://www.nhtsa.gov/standing-general-order-crash-reporting,2026-06-01,operational_evidence
AZ,NHTSA SGO (incident filing evidence),"General Motors, LLC",Historical operational evidence — latest reported incident,federal_disclosure,,,https://www.nhtsa.gov/standing-general-order-crash-reporting,2024-06-01,operational_evidence
CA,NHTSA SGO (incident filing evidence),"General Motors, LLC",Historical operational evidence — latest reported incident,federal_disclosure,,,https://www.nhtsa.gov/standing-general-order-crash-reporting,2023-10-01,operational_evidence
TX,NHTSA SGO (incident filing evidence),"General Motors, LLC",Historical operational evidence — latest reported incident,federal_disclosure,,,https://www.nhtsa.gov/standing-general-order-crash-reporting,2024-11-01,operational_evidence
CA,NHTSA SGO (incident filing evidence),Ghost Autonomy Inc.,Historical operational evidence — latest reported incident,federal_disclosure,,,https://www.nhtsa.gov/standing-general-order-crash-reporting,2024-01-01,operational_evidence
CA,NHTSA SGO (incident filing evidence),Hyundai Motor America,Historical operational evidence — latest reported incident,federal_disclosure,,,https://www.nhtsa.gov/standing-general-order-crash-reporting,2021-10-01,operational_evidence
NV,NHTSA SGO (incident filing evidence),Hyundai Motor America,Historical operational evidence — latest reported incident,federal_disclosure,,,https://www.nhtsa.gov/standing-general-order-crash-reporting,2025-06-01,operational_evidence
OH,NHTSA SGO (incident filing evidence),Hyundai Motor America,Historical operational evidence — latest reported incident,federal_disclosure,,,https://www.nhtsa.gov/standing-general-order-crash-reporting,2023-04-01,operational_evidence
MI,NHTSA SGO (incident filing evidence),"Kia America, Inc.",Historical operational evidence — latest reported incident,federal_disclosure,,,https://www.nhtsa.gov/standing-general-order-crash-reporting,2024-04-01,operational_evidence
OK,NHTSA SGO (incident filing evidence),Kodiak Robotics,Historical operational evidence — latest reported incident,federal_disclosure,,,https://www.nhtsa.gov/standing-general-order-crash-reporting,2025-02-01,operational_evidence
TX,NHTSA SGO (incident filing evidence),Kodiak Robotics,Historical operational evidence — latest reported incident,federal_disclosure,,,https://www.nhtsa.gov/standing-general-order-crash-reporting,2025-03-01,operational_evidence
WY,NHTSA SGO (incident filing evidence),Local Motors Industries,Historical operational evidence — latest reported incident,federal_disclosure,,,https://www.nhtsa.gov/standing-general-order-crash-reporting,2021-08-01,operational_evidence
RI,NHTSA SGO (incident filing evidence),"Lucid USA, Inc.",Historical operational evidence — latest reported incident,federal_disclosure,,,https://www.nhtsa.gov/standing-general-order-crash-reporting,2023-06-01,operational_evidence
CA,NHTSA SGO (incident filing evidence),MOIA America LLC,Historical operational evidence — latest reported incident,federal_disclosure,,,https://www.nhtsa.gov/standing-general-order-crash-reporting,2026-07-01,operational_evidence
AZ,NHTSA SGO (incident filing evidence),May Mobility,Historical operational evidence — latest reported incident,federal_disclosure,,,https://www.nhtsa.gov/standing-general-order-crash-reporting,2022-12-01,operational_evidence
CA,NHTSA SGO (incident filing evidence),May Mobility,Historical operational evidence — latest reported incident,federal_disclosure,,,https://www.nhtsa.gov/standing-general-order-crash-reporting,2025-01-01,operational_evidence
FL,NHTSA SGO (incident filing evidence),May Mobility,Historical operational evidence — latest reported incident,federal_disclosure,,,https://www.nhtsa.gov/standing-general-order-crash-reporting,2024-07-01,operational_evidence
GA,NHTSA SGO (incident filing evidence),May Mobility,Historical operational evidence — latest reported incident,federal_disclosure,,,https://www.nhtsa.gov/standing-general-order-crash-reporting,2026-07-01,operational_evidence
IN,NHTSA SGO (incident filing evidence),May Mobility,Historical operational evidence — latest reported incident,federal_disclosure,,,https://www.nhtsa.gov/standing-general-order-crash-reporting,2021-08-01,operational_evidence
MI,NHTSA SGO (incident filing evidence),May Mobility,Historical operational evidence — latest reported incident,federal_disclosure,,,https://www.nhtsa.gov/standing-general-order-crash-reporting,2025-04-01,operational_evidence
MN,NHTSA SGO (incident filing evidence),May Mobility,Historical operational evidence — latest reported incident,federal_disclosure,,,https://www.nhtsa.gov/standing-general-order-crash-reporting,2025-11-01,operational_evidence
TX,NHTSA SGO (incident filing evidence),May Mobility,Historical operational evidence — latest reported incident,federal_disclosure,,,https://www.nhtsa.gov/standing-general-order-crash-reporting,2026-07-01,operational_evidence
CA,NHTSA SGO (incident filing evidence),"Mercedes-Benz USA, LLC",Historical operational evidence — latest reported incident,federal_disclosure,,,https://www.nhtsa.gov/standing-general-order-crash-reporting,2025-02-01,operational_evidence
TX,NHTSA SGO (incident filing evidence),Mobileye Vision Technologies,Historical operational evidence — latest reported incident,federal_disclosure,,,https://www.nhtsa.gov/standing-general-order-crash-reporting,2024-06-01,operational_evidence
NV,NHTSA SGO (incident filing evidence),Motional,Historical operational evidence — latest reported incident,federal_disclosure,,,https://www.nhtsa.gov/standing-general-order-crash-reporting,2026-07-01,operational_evidence
PA,NHTSA SGO (incident filing evidence),Motional,Historical operational evidence — latest reported incident,federal_disclosure,,,https://www.nhtsa.gov/standing-general-order-crash-reporting,2025-11-01,operational_evidence
FL,NHTSA SGO (incident filing evidence),NAVYA Inc.,Historical operational evidence — latest reported incident,federal_disclosure,,,https://www.nhtsa.gov/standing-general-order-crash-reporting,2021-09-01,operational_evidence
CA,NHTSA SGO (incident filing evidence),NVIDIA CORP,Historical operational evidence — latest reported incident,federal_disclosure,,,https://www.nhtsa.gov/standing-general-order-crash-reporting,2025-02-01,operational_evidence
AZ,NHTSA SGO (incident filing evidence),"Navistar, Inc.",Historical operational evidence — latest reported incident,federal_disclosure,,,https://www.nhtsa.gov/standing-general-order-crash-reporting,2022-04-01,operational_evidence
PA,NHTSA SGO (incident filing evidence),"Navistar, Inc.",Historical operational evidence — latest reported incident,federal_disclosure,,,https://www.nhtsa.gov/standing-general-order-crash-reporting,2021-11-01,operational_evidence
CA,NHTSA SGO (incident filing evidence),Nuro,Historical operational evidence — latest reported incident,federal_disclosure,,,https://www.nhtsa.gov/standing-general-order-crash-reporting,2026-04-01,operational_evidence
TX,NHTSA SGO (incident filing evidence),Nuro,Historical operational evidence — latest reported incident,federal_disclosure,,,https://www.nhtsa.gov/standing-general-order-crash-reporting,2026-07-01,operational_evidence
CA,NHTSA SGO (incident filing evidence),"Ohmio, Inc.",Historical operational evidence — latest reported incident,federal_disclosure,,,https://www.nhtsa.gov/standing-general-order-crash-reporting,2025-08-01,operational_evidence
FL,NHTSA SGO (incident filing evidence),Oxbotica,Historical operational evidence — latest reported incident,federal_disclosure,,,https://www.nhtsa.gov/standing-general-order-crash-reporting,2025-06-01,operational_evidence
OK,NHTSA SGO (incident filing evidence),PACCAR Incorporated,Historical operational evidence — latest reported incident,federal_disclosure,,,https://www.nhtsa.gov/standing-general-order-crash-reporting,2025-02-01,operational_evidence
TX,NHTSA SGO (incident filing evidence),PACCAR Incorporated,Historical operational evidence — latest reported incident,federal_disclosure,,,https://www.nhtsa.gov/standing-general-order-crash-reporting,2025-04-01,operational_evidence
TX,NHTSA SGO (incident filing evidence),PlusAI Inc,Historical operational evidence — latest reported incident,federal_disclosure,,,https://www.nhtsa.gov/standing-general-order-crash-reporting,2026-04-01,operational_evidence
CA,NHTSA SGO (incident filing evidence),Pony.ai,Historical operational evidence — latest reported incident,federal_disclosure,,,https://www.nhtsa.gov/standing-general-order-crash-reporting,2024-05-01,operational_evidence
CA,NHTSA SGO (incident filing evidence),"Robert Bosch, LLC",Historical operational evidence — latest reported incident,federal_disclosure,,,https://www.nhtsa.gov/standing-general-order-crash-reporting,2022-03-01,operational_evidence
GA,NHTSA SGO (incident filing evidence),Robotic Research,Historical operational evidence — latest reported incident,federal_disclosure,,,https://www.nhtsa.gov/standing-general-order-crash-reporting,2023-01-01,operational_evidence
WY,NHTSA SGO (incident filing evidence),Robotic Research,Historical operational evidence — latest reported incident,federal_disclosure,,,https://www.nhtsa.gov/standing-general-order-crash-reporting,2021-08-01,operational_evidence
NM,NHTSA SGO (incident filing evidence),Stack AV,Historical operational evidence — latest reported incident,federal_disclosure,,,https://www.nhtsa.gov/standing-general-order-crash-reporting,2026-04-01,operational_evidence
PA,NHTSA SGO (incident filing evidence),Stack AV,Historical operational evidence — latest reported incident,federal_disclosure,,,https://www.nhtsa.gov/standing-general-order-crash-reporting,2025-09-01,operational_evidence
NM,NHTSA SGO (incident filing evidence),"TORC Robotics, Inc.",Historical operational evidence — latest reported incident,federal_disclosure,,,https://www.nhtsa.gov/standing-general-order-crash-reporting,2022-07-01,operational_evidence
TX,NHTSA SGO (incident filing evidence),"TORC Robotics, Inc.",Historical operational evidence — latest reported incident,federal_disclosure,,,https://www.nhtsa.gov/standing-general-order-crash-reporting,2023-12-01,operational_evidence
TX,NHTSA SGO (incident filing evidence),"Tesla, Inc.",Historical operational evidence — latest reported incident,federal_disclosure,,,https://www.nhtsa.gov/standing-general-order-crash-reporting,2026-07-01,operational_evidence
AZ,NHTSA SGO (incident filing evidence),Toyota Motor Engineering & Manufacturing,Historical operational evidence — latest reported incident,federal_disclosure,,,https://www.nhtsa.gov/standing-general-order-crash-reporting,2022-12-01,operational_evidence
IN,NHTSA SGO (incident filing evidence),Toyota Motor Engineering & Manufacturing,Historical operational evidence — latest reported incident,federal_disclosure,,,https://www.nhtsa.gov/standing-general-order-crash-reporting,2021-08-01,operational_evidence
MI,NHTSA SGO (incident filing evidence),Toyota Motor Engineering & Manufacturing,Historical operational evidence — latest reported incident,federal_disclosure,,,https://www.nhtsa.gov/standing-general-order-crash-reporting,2022-11-01,operational_evidence
TX,NHTSA SGO (incident filing evidence),Toyota Motor Engineering & Manufacturing,Historical operational evidence — latest reported incident,federal_disclosure,,,https://www.nhtsa.gov/standing-general-order-crash-reporting,2022-08-01,operational_evidence
AZ,NHTSA SGO (incident filing evidence),Transdev Alternative Services,Historical operational evidence — latest reported incident,federal_disclosure,,,https://www.nhtsa.gov/standing-general-order-crash-reporting,2025-01-01,operational_evidence
CA,NHTSA SGO (incident filing evidence),Transdev Alternative Services,Historical operational evidence — latest reported incident,federal_disclosure,,,https://www.nhtsa.gov/standing-general-order-crash-reporting,2025-04-01,operational_evidence
GA,NHTSA SGO (incident filing evidence),Transdev Alternative Services,Historical operational evidence — latest reported incident,federal_disclosure,,,https://www.nhtsa.gov/standing-general-order-crash-reporting,2025-02-01,operational_evidence
TX,NHTSA SGO (incident filing evidence),Transdev Alternative Services,Historical operational evidence — latest reported incident,federal_disclosure,,,https://www.nhtsa.gov/standing-general-order-crash-reporting,2025-05-01,operational_evidence
AZ,NHTSA SGO (incident filing evidence),TuSimple,Historical operational evidence — latest reported incident,federal_disclosure,,,https://www.nhtsa.gov/standing-general-order-crash-reporting,2022-04-01,operational_evidence
CA,NHTSA SGO (incident filing evidence),"VinFast Auto, LLC",Historical operational evidence — latest reported incident,federal_disclosure,,,https://www.nhtsa.gov/standing-general-order-crash-reporting,2024-09-01,operational_evidence
WA,NHTSA SGO (incident filing evidence),"VinFast Auto, LLC",Historical operational evidence — latest reported incident,federal_disclosure,,,https://www.nhtsa.gov/standing-general-order-crash-reporting,2024-09-01,operational_evidence
TX,NHTSA SGO (incident filing evidence),"Volkswagen Group of America, Inc.",Historical operational evidence — latest reported incident,federal_disclosure,,,https://www.nhtsa.gov/standing-general-order-crash-reporting,2024-06-01,operational_evidence
FL,NHTSA SGO (incident filing evidence),"Volvo Car USA, LLC",Historical operational evidence — latest reported incident,federal_disclosure,,,https://www.nhtsa.gov/standing-general-order-crash-reporting,2022-10-01,operational_evidence
AZ,NHTSA SGO (incident filing evidence),Waymo LLC,Historical operational evidence — latest reported incident,federal_disclosure,,,https://www.nhtsa.gov/standing-general-order-crash-reporting,2026-08-01,operational_evidence
CA,NHTSA SGO (incident filing evidence),Waymo LLC,Historical operational evidence — latest reported incident,federal_disclosure,,,https://www.nhtsa.gov/standing-general-order-crash-reporting,2026-08-01,operational_evidence
CO,NHTSA SGO (incident filing evidence),Waymo LLC,Historical operational evidence — latest reported incident,federal_disclosure,,,https://www.nhtsa.gov/standing-general-order-crash-reporting,2026-07-01,operational_evidence
DC,NHTSA SGO (incident filing evidence),Waymo LLC,Historical operational evidence — latest reported incident,federal_disclosure,,,https://www.nhtsa.gov/standing-general-order-crash-reporting,2026-07-01,operational_evidence
FL,NHTSA SGO (incident filing evidence),Waymo LLC,Historical operational evidence — latest reported incident,federal_disclosure,,,https://www.nhtsa.gov/standing-general-order-crash-reporting,2026-07-01,operational_evidence
GA,NHTSA SGO (incident filing evidence),Waymo LLC,Historical operational evidence — latest reported incident,federal_disclosure,,,https://www.nhtsa.gov/standing-general-order-crash-reporting,2026-08-01,operational_evidence
NV,NHTSA SGO (incident filing evidence),Waymo LLC,Historical operational evidence — latest reported incident,federal_disclosure,,,https://www.nhtsa.gov/standing-general-order-crash-reporting,2026-07-01,operational_evidence
PA,NHTSA SGO (incident filing evidence),Waymo LLC,Historical operational evidence — latest reported incident,federal_disclosure,,,https://www.nhtsa.gov/standing-general-order-crash-reporting,2026-07-01,operational_evidence
TN,NHTSA SGO (incident filing evidence),Waymo LLC,Historical operational evidence — latest reported incident,federal_disclosure,,,https://www.nhtsa.gov/standing-general-order-crash-reporting,2026-07-01,operational_evidence
TX,NHTSA SGO (incident filing evidence),Waymo LLC,Historical operational evidence — latest reported incident,federal_disclosure,,,https://www.nhtsa.gov/standing-general-order-crash-reporting,2026-08-01,operational_evidence
CA,NHTSA SGO (incident filing evidence),WeRide Corp,Historical operational evidence — latest reported incident,federal_disclosure,,,https://www.nhtsa.gov/standing-general-order-crash-reporting,2026-03-01,operational_evidence
NV,NHTSA SGO (incident filing evidence),WeRide Corp,Historical operational evidence — latest reported incident,federal_disclosure,,,https://www.nhtsa.gov/standing-general-order-crash-reporting,2022-12-01,operational_evidence
CA,NHTSA SGO (incident filing evidence),"Zoox, Inc.",Historical operational evidence — latest reported incident,federal_disclosure,,,https://www.nhtsa.gov/standing-general-order-crash-reporting,2026-06-01,operational_evidence
FL,NHTSA SGO (incident filing evidence),"Zoox, Inc.",Historical operational evidence — latest reported incident,federal_disclosure,,,https://www.nhtsa.gov/standing-general-order-crash-reporting,2026-05-01,operational_evidence
NV,NHTSA SGO (incident filing evidence),"Zoox, Inc.",Historical operational evidence — latest reported incident,federal_disclosure,,,https://www.nhtsa.gov/standing-general-order-crash-reporting,2026-06-01,operational_evidence
TX,NHTSA SGO (incident filing evidence),"Zoox, Inc.",Historical operational evidence — latest reported incident,federal_disclosure,,,https://www.nhtsa.gov/standing-general-order-crash-reporting,2026-07-01,operational_evidence
WA,NHTSA SGO (incident filing evidence),"Zoox, Inc.",Historical operational evidence — latest reported incident,federal_disclosure,,,https://www.nhtsa.gov/standing-general-order-crash-reporting,2023-11-01,operational_evidence
AZ,Waymo S2 benchmark (mileage evidence),Waymo LLC,Published operational mileage for this state,federal_disclosure,,,Waymo self-published S2-cell safety benchmark data (this Observatory's own ingested copy),202603,operational_evidence
CA,Waymo S2 benchmark (mileage evidence),Waymo LLC,Published operational mileage for this state,federal_disclosure,,,Waymo self-published S2-cell safety benchmark data (this Observatory's own ingested copy),202603,operational_evidence
TX,Waymo S2 benchmark (mileage evidence),Waymo LLC,Published operational mileage for this state,federal_disclosure,,,Waymo self-published S2-cell safety benchmark data (this Observatory's own ingested copy),202603,operational_evidence
GA,Waymo S2 benchmark (mileage evidence),Waymo LLC,Published operational mileage for this state,federal_disclosure,,,Waymo self-published S2-cell safety benchmark data (this Observatory's own ingested copy),202603,operational_evidence
